Feature,Importance
num__type_hist_rating,0.5324432652309917
num__attraction_hist_rating,0.2608024097417792
cat__attractiontypeid_13.0,0.04483506233001255
cat__attractiontypeid_76.0,0.041632884492201636
num__type_hist_count,0.03917242874884596
num__user_hist_rating,0.019442615904646108
cat__attractiontypeid_72.0,0.01778797143363035
cat__attractiontypeid_63.0,0.01354003058716542
cat__attraction_countryid_2.0,0.006637630976578008
cat__attractionid_748.0,0.006249757355050591
cat__attractiontypeid_92.0,0.005692800294573355
cat__attractiontypeid_44.0,0.003934717710447177
cat__attractioncityid_3.0,0.0038423374516998836
cat__attractionid_1297.0,0.0020974699472520366
cat__attraction_countryid_1.0,0.0013596296379030453
cat__attractionid_841.0,0.0005289881572228518
cat__user_continentid_4.0,0.0
cat__user_continentid_5.0,0.0
num__attraction_hist_count,0.0
cat__user_regionid_1.0,0.0
cat__user_regionid_2.0,0.0
cat__user_regionid_3.0,0.0
cat__user_regionid_4.0,0.0
cat__user_regionid_5.0,0.0
cat__user_regionid_6.0,0.0
cat__user_regionid_7.0,0.0
cat__user_regionid_8.0,0.0
cat__user_regionid_9.0,0.0
cat__user_regionid_10.0,0.0
cat__user_regionid_11.0,0.0
cat__user_regionid_12.0,0.0
cat__user_regionid_13.0,0.0
cat__user_regionid_14.0,0.0
cat__user_regionid_15.0,0.0
cat__user_regionid_16.0,0.0
cat__user_regionid_17.0,0.0
cat__user_regionid_18.0,0.0
cat__user_regionid_19.0,0.0
cat__user_regionid_20.0,0.0
cat__user_regionid_21.0,0.0
cat__user_countryid_1.0,0.0
cat__user_countryid_2.0,0.0
cat__user_countryid_3.0,0.0
cat__user_countryid_4.0,0.0
cat__user_countryid_5.0,0.0
cat__user_countryid_6.0,0.0
cat__user_countryid_7.0,0.0
cat__user_countryid_8.0,0.0
cat__user_countryid_9.0,0.0
cat__user_countryid_10.0,0.0
cat__user_countryid_11.0,0.0
cat__user_countryid_13.0,0.0
cat__user_countryid_14.0,0.0
cat__user_countryid_15.0,0.0
cat__user_countryid_16.0,0.0
cat__user_countryid_17.0,0.0
cat__user_countryid_18.0,0.0
cat__user_countryid_20.0,0.0
cat__user_countryid_21.0,0.0
cat__user_countryid_22.0,0.0
cat__user_countryid_23.0,0.0
cat__user_countryid_24.0,0.0
cat__user_countryid_26.0,0.0
cat__user_countryid_27.0,0.0
cat__user_countryid_28.0,0.0
cat__user_countryid_30.0,0.0
cat__user_countryid_31.0,0.0
cat__user_countryid_33.0,0.0
cat__user_countryid_34.0,0.0
cat__user_countryid_35.0,0.0
cat__user_countryid_36.0,0.0
cat__user_countryid_37.0,0.0
cat__user_countryid_38.0,0.0
cat__user_countryid_39.0,0.0
cat__user_countryid_40.0,0.0
cat__user_countryid_41.0,0.0
cat__user_countryid_42.0,0.0
cat__user_countryid_43.0,0.0
cat__user_countryid_44.0,0.0
cat__user_countryid_45.0,0.0
cat__user_countryid_46.0,0.0
cat__user_countryid_47.0,0.0
cat__user_countryid_48.0,0.0
cat__user_countryid_50.0,0.0
cat__user_countryid_51.0,0.0
cat__user_countryid_52.0,0.0
cat__user_countryid_53.0,0.0
cat__user_countryid_54.0,0.0
cat__user_countryid_55.0,0.0
cat__user_countryid_56.0,0.0
cat__user_countryid_57.0,0.0
cat__user_countryid_58.0,0.0
cat__user_countryid_60.0,0.0
cat__user_countryid_62.0,0.0
cat__user_countryid_63.0,0.0
cat__user_countryid_64.0,0.0
cat__user_countryid_65.0,0.0
cat__user_countryid_66.0,0.0
cat__user_countryid_68.0,0.0
cat__user_countryid_69.0,0.0
cat__user_countryid_70.0,0.0
cat__user_countryid_71.0,0.0
cat__user_countryid_73.0,0.0
cat__user_countryid_74.0,0.0
cat__user_countryid_75.0,0.0
cat__user_countryid_76.0,0.0
cat__user_countryid_77.0,0.0
cat__user_countryid_78.0,0.0
cat__user_countryid_79.0,0.0
cat__user_countryid_80.0,0.0
cat__user_countryid_81.0,0.0
cat__user_countryid_82.0,0.0
cat__user_countryid_83.0,0.0
cat__user_countryid_84.0,0.0
cat__user_countryid_85.0,0.0
cat__user_countryid_86.0,0.0
cat__user_countryid_87.0,0.0
cat__user_countryid_88.0,0.0
cat__user_countryid_89.0,0.0
cat__user_countryid_90.0,0.0
cat__user_countryid_91.0,0.0
cat__user_countryid_92.0,0.0
cat__user_countryid_93.0,0.0
cat__user_countryid_94.0,0.0
cat__user_countryid_95.0,0.0
cat__user_countryid_96.0,0.0
cat__user_countryid_97.0,0.0
cat__user_countryid_98.0,0.0
cat__user_countryid_99.0,0.0
cat__user_countryid_100.0,0.0
cat__user_countryid_101.0,0.0
cat__user_countryid_102.0,0.0
cat__user_countryid_103.0,0.0
cat__user_countryid_104.0,0.0
cat__user_countryid_105.0,0.0
cat__user_countryid_106.0,0.0
cat__user_countryid_107.0,0.0
cat__user_countryid_108.0,0.0
cat__user_countryid_109.0,0.0
cat__user_countryid_110.0,0.0
cat__user_countryid_111.0,0.0
cat__user_countryid_112.0,0.0
cat__user_countryid_113.0,0.0
cat__user_countryid_114.0,0.0
cat__user_countryid_115.0,0.0
cat__user_countryid_116.0,0.0
cat__user_countryid_118.0,0.0
cat__user_countryid_119.0,0.0
cat__user_countryid_120.0,0.0
cat__user_countryid_121.0,0.0
cat__user_countryid_122.0,0.0
cat__user_countryid_123.0,0.0
cat__user_countryid_124.0,0.0
cat__user_countryid_125.0,0.0
cat__user_countryid_126.0,0.0
cat__user_countryid_127.0,0.0
cat__user_countryid_128.0,0.0
cat__user_countryid_129.0,0.0
cat__user_countryid_130.0,0.0
cat__user_countryid_131.0,0.0
cat__user_countryid_132.0,0.0
cat__user_countryid_133.0,0.0
cat__user_countryid_134.0,0.0
cat__user_countryid_135.0,0.0
cat__user_countryid_136.0,0.0
cat__user_countryid_137.0,0.0
cat__user_countryid_138.0,0.0
cat__user_countryid_139.0,0.0
cat__user_countryid_140.0,0.0
cat__user_countryid_141.0,0.0
cat__user_countryid_142.0,0.0
cat__user_countryid_143.0,0.0
cat__user_countryid_144.0,0.0
cat__user_countryid_145.0,0.0
cat__user_countryid_146.0,0.0
cat__user_countryid_147.0,0.0
cat__user_countryid_148.0,0.0
cat__user_countryid_150.0,0.0
cat__user_countryid_151.0,0.0
cat__user_countryid_152.0,0.0
cat__user_countryid_153.0,0.0
cat__user_countryid_154.0,0.0
cat__user_countryid_155.0,0.0
cat__user_countryid_156.0,0.0
cat__user_countryid_157.0,0.0
cat__user_countryid_158.0,0.0
cat__user_countryid_159.0,0.0
cat__user_countryid_160.0,0.0
cat__user_countryid_161.0,0.0
cat__user_countryid_162.0,0.0
cat__user_countryid_163.0,0.0
cat__user_countryid_164.0,0.0
cat__user_cityid_1.0,0.0
cat__user_cityid_3.0,0.0
cat__user_cityid_4.0,0.0
cat__user_cityid_6.0,0.0
cat__user_cityid_11.0,0.0
cat__user_cityid_12.0,0.0
cat__user_cityid_15.0,0.0
cat__user_cityid_16.0,0.0
cat__user_cityid_17.0,0.0
cat__user_cityid_18.0,0.0
cat__user_cityid_20.0,0.0
cat__user_cityid_21.0,0.0
cat__user_cityid_22.0,0.0
cat__user_cityid_24.0,0.0
cat__user_cityid_26.0,0.0
cat__user_cityid_27.0,0.0
cat__user_cityid_29.0,0.0
cat__user_cityid_31.0,0.0
cat__user_cityid_34.0,0.0
cat__user_cityid_37.0,0.0
cat__user_cityid_39.0,0.0
cat__user_cityid_40.0,0.0
cat__user_cityid_44.0,0.0
cat__user_cityid_45.0,0.0
cat__user_cityid_49.0,0.0
cat__user_cityid_50.0,0.0
cat__user_cityid_51.0,0.0
cat__user_cityid_52.0,0.0
cat__user_cityid_53.0,0.0
cat__user_cityid_55.0,0.0
cat__user_cityid_56.0,0.0
cat__user_cityid_57.0,0.0
cat__user_cityid_58.0,0.0
cat__user_cityid_59.0,0.0
cat__user_cityid_60.0,0.0
cat__user_cityid_61.0,0.0
cat__user_cityid_62.0,0.0
cat__user_cityid_65.0,0.0
cat__user_cityid_66.0,0.0
cat__user_cityid_68.0,0.0
cat__user_cityid_69.0,0.0
cat__user_cityid_70.0,0.0
cat__user_cityid_71.0,0.0
cat__user_cityid_74.0,0.0
cat__user_cityid_77.0,0.0
cat__user_cityid_78.0,0.0
cat__user_cityid_79.0,0.0
cat__user_cityid_81.0,0.0
cat__user_cityid_82.0,0.0
cat__user_cityid_84.0,0.0
cat__user_cityid_86.0,0.0
cat__user_cityid_87.0,0.0
cat__user_cityid_90.0,0.0
cat__user_cityid_92.0,0.0
cat__user_cityid_94.0,0.0
cat__user_cityid_97.0,0.0
cat__user_cityid_98.0,0.0
cat__user_cityid_99.0,0.0
cat__user_cityid_100.0,0.0
cat__user_cityid_101.0,0.0
cat__user_cityid_102.0,0.0
cat__user_cityid_103.0,0.0
cat__user_cityid_104.0,0.0
cat__user_cityid_105.0,0.0
cat__user_cityid_106.0,0.0
cat__user_cityid_107.0,0.0
cat__user_cityid_109.0,0.0
cat__user_cityid_110.0,0.0
cat__user_cityid_111.0,0.0
cat__user_cityid_112.0,0.0
cat__user_cityid_114.0,0.0
cat__user_cityid_116.0,0.0
cat__user_cityid_117.0,0.0
cat__user_cityid_119.0,0.0
cat__user_cityid_120.0,0.0
cat__user_cityid_122.0,0.0
cat__user_cityid_123.0,0.0
cat__user_cityid_125.0,0.0
cat__user_cityid_128.0,0.0
cat__user_cityid_131.0,0.0
cat__user_cityid_133.0,0.0
cat__user_cityid_135.0,0.0
cat__user_cityid_136.0,0.0
cat__user_cityid_137.0,0.0
cat__user_cityid_139.0,0.0
cat__user_cityid_140.0,0.0
cat__user_cityid_141.0,0.0
cat__user_cityid_142.0,0.0
cat__user_cityid_143.0,0.0
cat__user_cityid_145.0,0.0
cat__user_cityid_147.0,0.0
cat__user_cityid_150.0,0.0
cat__user_cityid_153.0,0.0
cat__user_cityid_154.0,0.0
cat__user_cityid_157.0,0.0
cat__user_cityid_160.0,0.0
cat__user_cityid_161.0,0.0
cat__user_cityid_162.0,0.0
cat__user_cityid_164.0,0.0
cat__user_cityid_167.0,0.0
cat__user_cityid_169.0,0.0
cat__user_cityid_170.0,0.0
cat__user_cityid_171.0,0.0
cat__user_cityid_172.0,0.0
cat__user_cityid_173.0,0.0
cat__user_cityid_174.0,0.0
cat__user_cityid_175.0,0.0
cat__user_cityid_177.0,0.0
cat__user_cityid_178.0,0.0
cat__user_cityid_180.0,0.0
cat__user_cityid_182.0,0.0
cat__user_cityid_187.0,0.0
cat__user_cityid_188.0,0.0
cat__user_cityid_189.0,0.0
cat__user_cityid_190.0,0.0
cat__user_cityid_191.0,0.0
cat__user_cityid_194.0,0.0
cat__user_cityid_195.0,0.0
cat__user_cityid_197.0,0.0
cat__user_cityid_198.0,0.0
cat__user_cityid_202.0,0.0
cat__user_cityid_203.0,0.0
cat__user_cityid_205.0,0.0
cat__user_cityid_206.0,0.0
cat__user_cityid_207.0,0.0
cat__user_cityid_208.0,0.0
cat__user_cityid_209.0,0.0
cat__user_cityid_210.0,0.0
cat__user_cityid_212.0,0.0
cat__user_cityid_213.0,0.0
cat__user_cityid_214.0,0.0
cat__user_cityid_216.0,0.0
cat__user_cityid_217.0,0.0
cat__user_cityid_218.0,0.0
cat__user_cityid_220.0,0.0
cat__user_cityid_221.0,0.0
cat__user_cityid_223.0,0.0
cat__user_cityid_224.0,0.0
cat__user_cityid_226.0,0.0
cat__user_cityid_227.0,0.0
cat__user_cityid_228.0,0.0
cat__user_cityid_229.0,0.0
cat__user_cityid_231.0,0.0
cat__user_cityid_232.0,0.0
cat__user_cityid_233.0,0.0
cat__user_cityid_234.0,0.0
cat__user_cityid_236.0,0.0
cat__user_cityid_237.0,0.0
cat__user_cityid_238.0,0.0
cat__user_cityid_239.0,0.0
cat__user_cityid_242.0,0.0
cat__user_cityid_243.0,0.0
cat__user_cityid_244.0,0.0
cat__user_cityid_245.0,0.0
cat__user_cityid_246.0,0.0
cat__user_cityid_248.0,0.0
cat__user_cityid_250.0,0.0
cat__user_cityid_251.0,0.0
cat__user_cityid_253.0,0.0
cat__user_cityid_254.0,0.0
cat__user_cityid_256.0,0.0
cat__user_cityid_257.0,0.0
cat__user_cityid_260.0,0.0
cat__user_cityid_262.0,0.0
cat__user_cityid_263.0,0.0
cat__user_cityid_265.0,0.0
cat__user_cityid_266.0,0.0
cat__user_cityid_267.0,0.0
cat__user_cityid_268.0,0.0
cat__user_cityid_269.0,0.0
cat__user_cityid_270.0,0.0
cat__user_cityid_272.0,0.0
cat__user_cityid_274.0,0.0
cat__user_cityid_276.0,0.0
cat__user_cityid_277.0,0.0
cat__user_cityid_278.0,0.0
cat__user_cityid_279.0,0.0
cat__user_cityid_280.0,0.0
cat__user_cityid_282.0,0.0
cat__user_cityid_283.0,0.0
cat__user_cityid_285.0,0.0
cat__user_cityid_287.0,0.0
cat__user_cityid_288.0,0.0
cat__user_cityid_290.0,0.0
cat__user_cityid_291.0,0.0
cat__user_cityid_292.0,0.0
cat__user_cityid_293.0,0.0
cat__user_cityid_296.0,0.0
cat__user_cityid_299.0,0.0
cat__user_cityid_302.0,0.0
cat__user_cityid_305.0,0.0
cat__user_cityid_306.0,0.0
cat__user_cityid_308.0,0.0
cat__user_cityid_312.0,0.0
cat__user_cityid_313.0,0.0
cat__user_cityid_314.0,0.0
cat__user_cityid_315.0,0.0
cat__user_cityid_316.0,0.0
cat__user_cityid_319.0,0.0
cat__user_cityid_321.0,0.0
cat__user_cityid_322.0,0.0
cat__user_cityid_323.0,0.0
cat__user_cityid_324.0,0.0
cat__user_cityid_325.0,0.0
cat__user_cityid_326.0,0.0
cat__user_cityid_327.0,0.0
cat__user_cityid_328.0,0.0
cat__user_cityid_329.0,0.0
cat__user_cityid_330.0,0.0
cat__user_cityid_331.0,0.0
cat__user_cityid_332.0,0.0
cat__user_cityid_333.0,0.0
cat__user_cityid_334.0,0.0
cat__user_cityid_335.0,0.0
cat__user_cityid_336.0,0.0
cat__user_cityid_337.0,0.0
cat__user_cityid_338.0,0.0
cat__user_cityid_339.0,0.0
cat__user_cityid_341.0,0.0
cat__user_cityid_346.0,0.0
cat__user_cityid_349.0,0.0
cat__user_cityid_350.0,0.0
cat__user_cityid_351.0,0.0
cat__user_cityid_352.0,0.0
cat__user_cityid_353.0,0.0
cat__user_cityid_354.0,0.0
cat__user_cityid_356.0,0.0
cat__user_cityid_358.0,0.0
cat__user_cityid_359.0,0.0
cat__user_cityid_360.0,0.0
cat__user_cityid_361.0,0.0
cat__user_cityid_363.0,0.0
cat__user_cityid_364.0,0.0
cat__user_cityid_365.0,0.0
cat__user_cityid_366.0,0.0
cat__user_cityid_367.0,0.0
cat__user_cityid_370.0,0.0
cat__user_cityid_371.0,0.0
cat__user_cityid_375.0,0.0
cat__user_cityid_376.0,0.0
cat__user_cityid_378.0,0.0
cat__user_cityid_379.0,0.0
cat__user_cityid_380.0,0.0
cat__user_cityid_381.0,0.0
cat__user_cityid_383.0,0.0
cat__user_cityid_384.0,0.0
cat__user_cityid_386.0,0.0
cat__user_cityid_387.0,0.0
cat__user_cityid_388.0,0.0
cat__user_cityid_389.0,0.0
cat__user_cityid_390.0,0.0
cat__user_cityid_392.0,0.0
cat__user_cityid_393.0,0.0
cat__user_cityid_394.0,0.0
cat__user_cityid_395.0,0.0
cat__user_cityid_396.0,0.0
cat__user_cityid_397.0,0.0
cat__user_cityid_399.0,0.0
cat__user_cityid_400.0,0.0
cat__user_cityid_401.0,0.0
cat__user_cityid_402.0,0.0
cat__user_cityid_405.0,0.0
cat__user_cityid_406.0,0.0
cat__user_cityid_408.0,0.0
cat__user_cityid_409.0,0.0
cat__user_cityid_410.0,0.0
cat__user_cityid_411.0,0.0
cat__user_cityid_412.0,0.0
cat__user_cityid_414.0,0.0
cat__user_cityid_415.0,0.0
cat__user_cityid_417.0,0.0
cat__user_cityid_418.0,0.0
cat__user_cityid_420.0,0.0
cat__user_cityid_425.0,0.0
cat__user_cityid_426.0,0.0
cat__user_cityid_428.0,0.0
cat__user_cityid_429.0,0.0
cat__user_cityid_430.0,0.0
cat__user_cityid_431.0,0.0
cat__user_cityid_433.0,0.0
cat__user_cityid_435.0,0.0
cat__user_cityid_436.0,0.0
cat__user_cityid_438.0,0.0
cat__user_cityid_441.0,0.0
cat__user_cityid_442.0,0.0
cat__user_cityid_445.0,0.0
cat__user_cityid_446.0,0.0
cat__user_cityid_447.0,0.0
cat__user_cityid_449.0,0.0
cat__user_cityid_452.0,0.0
cat__user_cityid_453.0,0.0
cat__user_cityid_455.0,0.0
cat__user_cityid_456.0,0.0
cat__user_cityid_459.0,0.0
cat__user_cityid_460.0,0.0
cat__user_cityid_462.0,0.0
cat__user_cityid_464.0,0.0
cat__user_cityid_465.0,0.0
cat__user_cityid_467.0,0.0
cat__user_cityid_468.0,0.0
cat__user_cityid_469.0,0.0
cat__user_cityid_473.0,0.0
cat__user_cityid_475.0,0.0
cat__user_cityid_476.0,0.0
cat__user_cityid_477.0,0.0
cat__user_cityid_478.0,0.0
cat__user_cityid_480.0,0.0
cat__user_cityid_481.0,0.0
cat__user_cityid_483.0,0.0
cat__user_cityid_484.0,0.0
cat__user_cityid_487.0,0.0
cat__user_cityid_488.0,0.0
cat__user_cityid_489.0,0.0
cat__user_cityid_490.0,0.0
cat__user_cityid_491.0,0.0
cat__user_cityid_493.0,0.0
cat__user_cityid_494.0,0.0
cat__user_cityid_495.0,0.0
cat__user_cityid_496.0,0.0
cat__user_cityid_501.0,0.0
cat__user_cityid_503.0,0.0
cat__user_cityid_509.0,0.0
cat__user_cityid_510.0,0.0
cat__user_cityid_511.0,0.0
cat__user_cityid_512.0,0.0
cat__user_cityid_516.0,0.0
cat__user_cityid_517.0,0.0
cat__user_cityid_518.0,0.0
cat__user_cityid_520.0,0.0
cat__user_cityid_521.0,0.0
cat__user_cityid_524.0,0.0
cat__user_cityid_525.0,0.0
cat__user_cityid_526.0,0.0
cat__user_cityid_528.0,0.0
cat__user_cityid_529.0,0.0
cat__user_cityid_531.0,0.0
cat__user_cityid_532.0,0.0
cat__user_cityid_533.0,0.0
cat__user_cityid_534.0,0.0
cat__user_cityid_535.0,0.0
cat__user_cityid_536.0,0.0
cat__user_cityid_537.0,0.0
cat__user_cityid_538.0,0.0
cat__user_cityid_539.0,0.0
cat__user_cityid_540.0,0.0
cat__user_cityid_542.0,0.0
cat__user_cityid_545.0,0.0
cat__user_cityid_549.0,0.0
cat__user_cityid_554.0,0.0
cat__user_cityid_555.0,0.0
cat__user_cityid_557.0,0.0
cat__user_cityid_560.0,0.0
cat__user_cityid_561.0,0.0
cat__user_cityid_565.0,0.0
cat__user_cityid_566.0,0.0
cat__user_cityid_567.0,0.0
cat__user_cityid_569.0,0.0
cat__user_cityid_570.0,0.0
cat__user_cityid_571.0,0.0
cat__user_cityid_572.0,0.0
cat__user_cityid_573.0,0.0
cat__user_cityid_574.0,0.0
cat__user_cityid_575.0,0.0
cat__user_cityid_576.0,0.0
cat__user_cityid_579.0,0.0
cat__user_cityid_580.0,0.0
cat__user_cityid_583.0,0.0
cat__user_cityid_585.0,0.0
cat__user_cityid_587.0,0.0
cat__user_cityid_590.0,0.0
cat__user_cityid_593.0,0.0
cat__user_cityid_596.0,0.0
cat__user_cityid_599.0,0.0
cat__user_cityid_602.0,0.0
cat__user_cityid_603.0,0.0
cat__user_cityid_605.0,0.0
cat__user_cityid_608.0,0.0
cat__user_cityid_609.0,0.0
cat__user_cityid_610.0,0.0
cat__user_cityid_611.0,0.0
cat__user_cityid_612.0,0.0
cat__user_cityid_614.0,0.0
cat__user_cityid_615.0,0.0
cat__user_cityid_616.0,0.0
cat__user_cityid_617.0,0.0
cat__user_cityid_619.0,0.0
cat__user_cityid_620.0,0.0
cat__user_cityid_622.0,0.0
cat__user_cityid_625.0,0.0
cat__user_cityid_626.0,0.0
cat__user_cityid_627.0,0.0
cat__user_cityid_629.0,0.0
cat__user_cityid_631.0,0.0
cat__user_cityid_633.0,0.0
cat__user_cityid_634.0,0.0
cat__user_cityid_635.0,0.0
cat__user_cityid_637.0,0.0
cat__user_cityid_640.0,0.0
cat__user_cityid_642.0,0.0
cat__user_cityid_645.0,0.0
cat__user_cityid_646.0,0.0
cat__user_cityid_647.0,0.0
cat__user_cityid_649.0,0.0
cat__user_cityid_650.0,0.0
cat__user_cityid_651.0,0.0
cat__user_cityid_652.0,0.0
cat__user_cityid_654.0,0.0
cat__user_cityid_655.0,0.0
cat__user_cityid_658.0,0.0
cat__user_cityid_662.0,0.0
cat__user_cityid_664.0,0.0
cat__user_cityid_665.0,0.0
cat__user_cityid_666.0,0.0
cat__user_cityid_667.0,0.0
cat__user_cityid_668.0,0.0
cat__user_cityid_669.0,0.0
cat__user_cityid_672.0,0.0
cat__user_cityid_676.0,0.0
cat__user_cityid_677.0,0.0
cat__user_cityid_680.0,0.0
cat__user_cityid_682.0,0.0
cat__user_cityid_684.0,0.0
cat__user_cityid_686.0,0.0
cat__user_cityid_687.0,0.0
cat__user_cityid_689.0,0.0
cat__user_cityid_690.0,0.0
cat__user_cityid_691.0,0.0
cat__user_cityid_692.0,0.0
cat__user_cityid_693.0,0.0
cat__user_cityid_695.0,0.0
cat__user_cityid_696.0,0.0
cat__user_cityid_697.0,0.0
cat__user_cityid_698.0,0.0
cat__user_cityid_703.0,0.0
cat__user_cityid_704.0,0.0
cat__user_cityid_706.0,0.0
cat__user_cityid_707.0,0.0
cat__user_cityid_710.0,0.0
cat__user_cityid_714.0,0.0
cat__user_cityid_715.0,0.0
cat__user_cityid_716.0,0.0
cat__user_cityid_717.0,0.0
cat__user_cityid_721.0,0.0
cat__user_cityid_724.0,0.0
cat__user_cityid_725.0,0.0
cat__user_cityid_726.0,0.0
cat__user_cityid_727.0,0.0
cat__user_cityid_729.0,0.0
cat__user_cityid_733.0,0.0
cat__user_cityid_734.0,0.0
cat__user_cityid_735.0,0.0
cat__user_cityid_736.0,0.0
cat__user_cityid_738.0,0.0
cat__user_cityid_740.0,0.0
cat__user_cityid_741.0,0.0
cat__user_cityid_743.0,0.0
cat__user_cityid_744.0,0.0
cat__user_cityid_745.0,0.0
cat__user_cityid_746.0,0.0
cat__user_cityid_748.0,0.0
cat__user_cityid_749.0,0.0
cat__user_cityid_750.0,0.0
cat__user_cityid_753.0,0.0
cat__user_cityid_754.0,0.0
cat__user_cityid_755.0,0.0
cat__user_cityid_757.0,0.0
cat__user_cityid_758.0,0.0
cat__user_cityid_759.0,0.0
cat__user_cityid_760.0,0.0
cat__user_cityid_763.0,0.0
cat__user_cityid_764.0,0.0
cat__user_cityid_765.0,0.0
cat__user_cityid_766.0,0.0
cat__user_cityid_767.0,0.0
cat__user_cityid_768.0,0.0
cat__user_cityid_769.0,0.0
cat__user_cityid_770.0,0.0
cat__user_cityid_772.0,0.0
cat__user_cityid_774.0,0.0
cat__user_cityid_777.0,0.0
cat__user_cityid_778.0,0.0
cat__user_cityid_780.0,0.0
cat__user_cityid_781.0,0.0
cat__user_cityid_783.0,0.0
cat__user_cityid_784.0,0.0
cat__user_cityid_785.0,0.0
cat__user_cityid_788.0,0.0
cat__user_cityid_789.0,0.0
cat__user_cityid_791.0,0.0
cat__user_cityid_792.0,0.0
cat__user_cityid_794.0,0.0
cat__user_cityid_795.0,0.0
cat__user_cityid_796.0,0.0
cat__user_cityid_798.0,0.0
cat__user_cityid_799.0,0.0
cat__user_cityid_800.0,0.0
cat__user_cityid_803.0,0.0
cat__user_cityid_804.0,0.0
cat__user_cityid_806.0,0.0
cat__user_cityid_807.0,0.0
cat__user_cityid_810.0,0.0
cat__user_cityid_811.0,0.0
cat__user_cityid_812.0,0.0
cat__user_cityid_813.0,0.0
cat__user_cityid_815.0,0.0
cat__user_cityid_818.0,0.0
cat__user_cityid_819.0,0.0
cat__user_cityid_820.0,0.0
cat__user_cityid_821.0,0.0
cat__user_cityid_825.0,0.0
cat__user_cityid_826.0,0.0
cat__user_cityid_828.0,0.0
cat__user_cityid_829.0,0.0
cat__user_cityid_831.0,0.0
cat__user_cityid_832.0,0.0
cat__user_cityid_838.0,0.0
cat__user_cityid_840.0,0.0
cat__user_cityid_842.0,0.0
cat__user_cityid_843.0,0.0
cat__user_cityid_845.0,0.0
cat__user_cityid_847.0,0.0
cat__user_cityid_848.0,0.0
cat__user_cityid_850.0,0.0
cat__user_cityid_851.0,0.0
cat__user_cityid_853.0,0.0
cat__user_cityid_855.0,0.0
cat__user_cityid_858.0,0.0
cat__user_cityid_859.0,0.0
cat__user_cityid_861.0,0.0
cat__user_cityid_863.0,0.0
cat__user_cityid_864.0,0.0
cat__user_cityid_865.0,0.0
cat__user_cityid_867.0,0.0
cat__user_cityid_868.0,0.0
cat__user_cityid_869.0,0.0
cat__user_cityid_870.0,0.0
cat__user_cityid_871.0,0.0
cat__user_cityid_876.0,0.0
cat__user_cityid_879.0,0.0
cat__user_cityid_881.0,0.0
cat__user_cityid_882.0,0.0
cat__user_cityid_883.0,0.0
cat__user_cityid_887.0,0.0
cat__user_cityid_890.0,0.0
cat__user_cityid_892.0,0.0
cat__user_cityid_893.0,0.0
cat__user_cityid_894.0,0.0
cat__user_cityid_896.0,0.0
cat__user_cityid_897.0,0.0
cat__user_cityid_898.0,0.0
cat__user_cityid_900.0,0.0
cat__user_cityid_903.0,0.0
cat__user_cityid_904.0,0.0
cat__user_cityid_908.0,0.0
cat__user_cityid_909.0,0.0
cat__user_cityid_917.0,0.0
cat__user_cityid_919.0,0.0
cat__user_cityid_922.0,0.0
cat__user_cityid_927.0,0.0
cat__user_cityid_928.0,0.0
cat__user_cityid_929.0,0.0
cat__user_cityid_930.0,0.0
cat__user_cityid_933.0,0.0
cat__user_cityid_935.0,0.0
cat__user_cityid_936.0,0.0
cat__user_cityid_938.0,0.0
cat__user_cityid_939.0,0.0
cat__user_cityid_940.0,0.0
cat__user_cityid_943.0,0.0
cat__user_cityid_944.0,0.0
cat__user_cityid_946.0,0.0
cat__user_cityid_947.0,0.0
cat__user_cityid_948.0,0.0
cat__user_cityid_949.0,0.0
cat__user_cityid_950.0,0.0
cat__user_cityid_951.0,0.0
cat__user_cityid_952.0,0.0
cat__user_cityid_953.0,0.0
cat__user_cityid_955.0,0.0
cat__user_cityid_956.0,0.0
cat__user_cityid_962.0,0.0
cat__user_cityid_963.0,0.0
cat__user_cityid_968.0,0.0
cat__user_cityid_969.0,0.0
cat__user_cityid_970.0,0.0
cat__user_cityid_972.0,0.0
cat__user_cityid_973.0,0.0
cat__user_cityid_975.0,0.0
cat__user_cityid_977.0,0.0
cat__user_cityid_978.0,0.0
cat__user_cityid_979.0,0.0
cat__user_cityid_980.0,0.0
cat__user_cityid_981.0,0.0
cat__user_cityid_984.0,0.0
cat__user_cityid_986.0,0.0
cat__user_cityid_990.0,0.0
cat__user_cityid_991.0,0.0
cat__user_cityid_992.0,0.0
cat__user_cityid_995.0,0.0
cat__user_cityid_997.0,0.0
cat__user_cityid_999.0,0.0
cat__user_cityid_1000.0,0.0
cat__user_cityid_1001.0,0.0
cat__user_cityid_1002.0,0.0
cat__user_cityid_1004.0,0.0
cat__user_cityid_1007.0,0.0
cat__user_cityid_1008.0,0.0
cat__user_cityid_1010.0,0.0
cat__user_cityid_1011.0,0.0
cat__user_cityid_1014.0,0.0
cat__user_cityid_1015.0,0.0
cat__user_cityid_1016.0,0.0
cat__user_cityid_1017.0,0.0
cat__user_cityid_1018.0,0.0
cat__user_cityid_1021.0,0.0
cat__user_cityid_1022.0,0.0
cat__user_cityid_1023.0,0.0
cat__user_cityid_1025.0,0.0
cat__user_cityid_1028.0,0.0
cat__user_cityid_1030.0,0.0
cat__user_cityid_1033.0,0.0
cat__user_cityid_1034.0,0.0
cat__user_cityid_1038.0,0.0
cat__user_cityid_1040.0,0.0
cat__user_cityid_1041.0,0.0
cat__user_cityid_1042.0,0.0
cat__user_cityid_1044.0,0.0
cat__user_cityid_1045.0,0.0
cat__user_cityid_1046.0,0.0
cat__user_cityid_1047.0,0.0
cat__user_cityid_1050.0,0.0
cat__user_cityid_1051.0,0.0
cat__user_cityid_1055.0,0.0
cat__user_cityid_1056.0,0.0
cat__user_cityid_1058.0,0.0
cat__user_cityid_1059.0,0.0
cat__user_cityid_1060.0,0.0
cat__user_cityid_1061.0,0.0
cat__user_cityid_1062.0,0.0
cat__user_cityid_1063.0,0.0
cat__user_cityid_1064.0,0.0
cat__user_cityid_1066.0,0.0
cat__user_cityid_1067.0,0.0
cat__user_cityid_1070.0,0.0
cat__user_cityid_1071.0,0.0
cat__user_cityid_1073.0,0.0
cat__user_cityid_1074.0,0.0
cat__user_cityid_1075.0,0.0
cat__user_cityid_1076.0,0.0
cat__user_cityid_1077.0,0.0
cat__user_cityid_1078.0,0.0
cat__user_cityid_1079.0,0.0
cat__user_cityid_1080.0,0.0
cat__user_cityid_1081.0,0.0
cat__user_cityid_1082.0,0.0
cat__user_cityid_1084.0,0.0
cat__user_cityid_1085.0,0.0
cat__user_cityid_1086.0,0.0
cat__user_cityid_1087.0,0.0
cat__user_cityid_1090.0,0.0
cat__user_cityid_1093.0,0.0
cat__user_cityid_1094.0,0.0
cat__user_cityid_1095.0,0.0
cat__user_cityid_1097.0,0.0
cat__user_cityid_1100.0,0.0
cat__user_cityid_1104.0,0.0
cat__user_cityid_1105.0,0.0
cat__user_cityid_1106.0,0.0
cat__user_cityid_1108.0,0.0
cat__user_cityid_1109.0,0.0
cat__user_cityid_1110.0,0.0
cat__user_cityid_1112.0,0.0
cat__user_cityid_1113.0,0.0
cat__user_cityid_1114.0,0.0
cat__user_cityid_1115.0,0.0
cat__user_cityid_1117.0,0.0
cat__user_cityid_1119.0,0.0
cat__user_cityid_1120.0,0.0
cat__user_cityid_1122.0,0.0
cat__user_cityid_1123.0,0.0
cat__user_cityid_1124.0,0.0
cat__user_cityid_1125.0,0.0
cat__user_cityid_1126.0,0.0
cat__user_cityid_1127.0,0.0
cat__user_cityid_1128.0,0.0
cat__user_cityid_1131.0,0.0
cat__user_cityid_1133.0,0.0
cat__user_cityid_1134.0,0.0
cat__user_cityid_1138.0,0.0
cat__user_cityid_1139.0,0.0
cat__user_cityid_1146.0,0.0
cat__user_cityid_1147.0,0.0
cat__user_cityid_1149.0,0.0
cat__user_cityid_1152.0,0.0
cat__user_cityid_1153.0,0.0
cat__user_cityid_1155.0,0.0
cat__user_cityid_1156.0,0.0
cat__user_cityid_1157.0,0.0
cat__user_cityid_1159.0,0.0
cat__user_cityid_1160.0,0.0
cat__user_cityid_1161.0,0.0
cat__user_cityid_1163.0,0.0
cat__user_cityid_1168.0,0.0
cat__user_cityid_1169.0,0.0
cat__user_cityid_1172.0,0.0
cat__user_cityid_1173.0,0.0
cat__user_cityid_1174.0,0.0
cat__user_cityid_1177.0,0.0
cat__user_cityid_1182.0,0.0
cat__user_cityid_1185.0,0.0
cat__user_cityid_1186.0,0.0
cat__user_cityid_1189.0,0.0
cat__user_cityid_1191.0,0.0
cat__user_cityid_1192.0,0.0
cat__user_cityid_1194.0,0.0
cat__user_cityid_1195.0,0.0
cat__user_cityid_1196.0,0.0
cat__user_cityid_1198.0,0.0
cat__user_cityid_1199.0,0.0
cat__user_cityid_1200.0,0.0
cat__user_cityid_1206.0,0.0
cat__user_cityid_1208.0,0.0
cat__user_cityid_1213.0,0.0
cat__user_cityid_1214.0,0.0
cat__user_cityid_1215.0,0.0
cat__user_cityid_1216.0,0.0
cat__user_cityid_1217.0,0.0
cat__user_cityid_1220.0,0.0
cat__user_cityid_1221.0,0.0
cat__user_cityid_1222.0,0.0
cat__user_cityid_1223.0,0.0
cat__user_cityid_1225.0,0.0
cat__user_cityid_1227.0,0.0
cat__user_cityid_1228.0,0.0
cat__user_cityid_1229.0,0.0
cat__user_cityid_1230.0,0.0
cat__user_cityid_1231.0,0.0
cat__user_cityid_1232.0,0.0
cat__user_cityid_1233.0,0.0
cat__user_cityid_1234.0,0.0
cat__user_cityid_1235.0,0.0
cat__user_cityid_1236.0,0.0
cat__user_cityid_1237.0,0.0
cat__user_cityid_1238.0,0.0
cat__user_cityid_1239.0,0.0
cat__user_cityid_1241.0,0.0
cat__user_cityid_1242.0,0.0
cat__user_cityid_1244.0,0.0
cat__user_cityid_1248.0,0.0
cat__user_cityid_1249.0,0.0
cat__user_cityid_1252.0,0.0
cat__user_cityid_1253.0,0.0
cat__user_cityid_1254.0,0.0
cat__user_cityid_1257.0,0.0
cat__user_cityid_1258.0,0.0
cat__user_cityid_1261.0,0.0
cat__user_cityid_1263.0,0.0
cat__user_cityid_1264.0,0.0
cat__user_cityid_1266.0,0.0
cat__user_cityid_1267.0,0.0
cat__user_cityid_1269.0,0.0
cat__user_cityid_1270.0,0.0
cat__user_cityid_1275.0,0.0
cat__user_cityid_1276.0,0.0
cat__user_cityid_1277.0,0.0
cat__user_cityid_1278.0,0.0
cat__user_cityid_1280.0,0.0
cat__user_cityid_1282.0,0.0
cat__user_cityid_1284.0,0.0
cat__user_cityid_1285.0,0.0
cat__user_cityid_1287.0,0.0
cat__user_cityid_1289.0,0.0
cat__user_cityid_1291.0,0.0
cat__user_cityid_1292.0,0.0
cat__user_cityid_1293.0,0.0
cat__user_cityid_1297.0,0.0
cat__user_cityid_1300.0,0.0
cat__user_cityid_1301.0,0.0
cat__user_cityid_1302.0,0.0
cat__user_cityid_1303.0,0.0
cat__user_cityid_1304.0,0.0
cat__user_cityid_1306.0,0.0
cat__user_cityid_1307.0,0.0
cat__user_cityid_1309.0,0.0
cat__user_cityid_1310.0,0.0
cat__user_cityid_1311.0,0.0
cat__user_cityid_1313.0,0.0
cat__user_cityid_1315.0,0.0
cat__user_cityid_1316.0,0.0
cat__user_cityid_1317.0,0.0
cat__user_cityid_1320.0,0.0
cat__user_cityid_1321.0,0.0
cat__user_cityid_1322.0,0.0
cat__user_cityid_1323.0,0.0
cat__user_cityid_1324.0,0.0
cat__user_cityid_1326.0,0.0
cat__user_cityid_1327.0,0.0
cat__user_cityid_1328.0,0.0
cat__user_cityid_1332.0,0.0
cat__user_cityid_1334.0,0.0
cat__user_cityid_1335.0,0.0
cat__user_cityid_1336.0,0.0
cat__user_cityid_1337.0,0.0
cat__user_cityid_1339.0,0.0
cat__user_cityid_1341.0,0.0
cat__user_cityid_1343.0,0.0
cat__user_cityid_1344.0,0.0
cat__user_cityid_1346.0,0.0
cat__user_cityid_1349.0,0.0
cat__user_cityid_1351.0,0.0
cat__user_cityid_1354.0,0.0
cat__user_cityid_1355.0,0.0
cat__user_cityid_1358.0,0.0
cat__user_cityid_1360.0,0.0
cat__user_cityid_1366.0,0.0
cat__user_cityid_1367.0,0.0
cat__user_cityid_1368.0,0.0
cat__user_cityid_1369.0,0.0
cat__user_cityid_1372.0,0.0
cat__user_cityid_1374.0,0.0
cat__user_cityid_1375.0,0.0
cat__user_cityid_1376.0,0.0
cat__user_cityid_1377.0,0.0
cat__user_cityid_1378.0,0.0
cat__user_cityid_1379.0,0.0
cat__user_cityid_1380.0,0.0
cat__user_cityid_1381.0,0.0
cat__user_cityid_1383.0,0.0
cat__user_cityid_1384.0,0.0
cat__user_cityid_1388.0,0.0
cat__user_cityid_1389.0,0.0
cat__user_cityid_1390.0,0.0
cat__user_cityid_1391.0,0.0
cat__user_cityid_1394.0,0.0
cat__user_cityid_1395.0,0.0
cat__user_cityid_1396.0,0.0
cat__user_cityid_1398.0,0.0
cat__user_cityid_1399.0,0.0
cat__user_cityid_1401.0,0.0
cat__user_cityid_1402.0,0.0
cat__user_cityid_1403.0,0.0
cat__user_cityid_1404.0,0.0
cat__user_cityid_1405.0,0.0
cat__user_cityid_1407.0,0.0
cat__user_cityid_1409.0,0.0
cat__user_cityid_1410.0,0.0
cat__user_cityid_1412.0,0.0
cat__user_cityid_1413.0,0.0
cat__user_cityid_1415.0,0.0
cat__user_cityid_1420.0,0.0
cat__user_cityid_1421.0,0.0
cat__user_cityid_1422.0,0.0
cat__user_cityid_1423.0,0.0
cat__user_cityid_1425.0,0.0
cat__user_cityid_1429.0,0.0
cat__user_cityid_1430.0,0.0
cat__user_cityid_1431.0,0.0
cat__user_cityid_1434.0,0.0
cat__user_cityid_1436.0,0.0
cat__user_cityid_1443.0,0.0
cat__user_cityid_1445.0,0.0
cat__user_cityid_1447.0,0.0
cat__user_cityid_1451.0,0.0
cat__user_cityid_1452.0,0.0
cat__user_cityid_1453.0,0.0
cat__user_cityid_1455.0,0.0
cat__user_cityid_1457.0,0.0
cat__user_cityid_1459.0,0.0
cat__user_cityid_1460.0,0.0
cat__user_cityid_1461.0,0.0
cat__user_cityid_1462.0,0.0
cat__user_cityid_1465.0,0.0
cat__user_cityid_1466.0,0.0
cat__user_cityid_1467.0,0.0
cat__user_cityid_1469.0,0.0
cat__user_cityid_1470.0,0.0
cat__user_cityid_1472.0,0.0
cat__user_cityid_1473.0,0.0
cat__user_cityid_1474.0,0.0
cat__user_cityid_1475.0,0.0
cat__user_cityid_1476.0,0.0
cat__user_cityid_1480.0,0.0
cat__user_cityid_1484.0,0.0
cat__user_cityid_1485.0,0.0
cat__user_cityid_1486.0,0.0
cat__user_cityid_1487.0,0.0
cat__user_cityid_1488.0,0.0
cat__user_cityid_1490.0,0.0
cat__user_cityid_1492.0,0.0
cat__user_cityid_1494.0,0.0
cat__user_cityid_1496.0,0.0
cat__user_cityid_1497.0,0.0
cat__user_cityid_1500.0,0.0
cat__user_cityid_1502.0,0.0
cat__user_cityid_1503.0,0.0
cat__user_cityid_1504.0,0.0
cat__user_cityid_1505.0,0.0
cat__user_cityid_1506.0,0.0
cat__user_cityid_1507.0,0.0
cat__user_cityid_1511.0,0.0
cat__user_cityid_1512.0,0.0
cat__user_cityid_1513.0,0.0
cat__user_cityid_1515.0,0.0
cat__user_cityid_1517.0,0.0
cat__user_cityid_1519.0,0.0
cat__user_cityid_1520.0,0.0
cat__user_cityid_1521.0,0.0
cat__user_cityid_1522.0,0.0
cat__user_cityid_1523.0,0.0
cat__user_cityid_1525.0,0.0
cat__user_cityid_1526.0,0.0
cat__user_cityid_1528.0,0.0
cat__user_cityid_1530.0,0.0
cat__user_cityid_1533.0,0.0
cat__user_cityid_1536.0,0.0
cat__user_cityid_1537.0,0.0
cat__user_cityid_1540.0,0.0
cat__user_cityid_1541.0,0.0
cat__user_cityid_1542.0,0.0
cat__user_cityid_1543.0,0.0
cat__user_cityid_1544.0,0.0
cat__user_cityid_1545.0,0.0
cat__user_cityid_1546.0,0.0
cat__user_cityid_1547.0,0.0
cat__user_cityid_1549.0,0.0
cat__user_cityid_1551.0,0.0
cat__user_cityid_1552.0,0.0
cat__user_cityid_1553.0,0.0
cat__user_cityid_1554.0,0.0
cat__user_cityid_1556.0,0.0
cat__user_cityid_1557.0,0.0
cat__user_cityid_1558.0,0.0
cat__user_cityid_1564.0,0.0
cat__user_cityid_1566.0,0.0
cat__user_cityid_1568.0,0.0
cat__user_cityid_1571.0,0.0
cat__user_cityid_1572.0,0.0
cat__user_cityid_1577.0,0.0
cat__user_cityid_1578.0,0.0
cat__user_cityid_1585.0,0.0
cat__user_cityid_1587.0,0.0
cat__user_cityid_1589.0,0.0
cat__user_cityid_1590.0,0.0
cat__user_cityid_1591.0,0.0
cat__user_cityid_1593.0,0.0
cat__user_cityid_1594.0,0.0
cat__user_cityid_1595.0,0.0
cat__user_cityid_1596.0,0.0
cat__user_cityid_1598.0,0.0
cat__user_cityid_1601.0,0.0
cat__user_cityid_1603.0,0.0
cat__user_cityid_1604.0,0.0
cat__user_cityid_1606.0,0.0
cat__user_cityid_1607.0,0.0
cat__user_cityid_1608.0,0.0
cat__user_cityid_1610.0,0.0
cat__user_cityid_1612.0,0.0
cat__user_cityid_1613.0,0.0
cat__user_cityid_1615.0,0.0
cat__user_cityid_1616.0,0.0
cat__user_cityid_1618.0,0.0
cat__user_cityid_1619.0,0.0
cat__user_cityid_1620.0,0.0
cat__user_cityid_1621.0,0.0
cat__user_cityid_1623.0,0.0
cat__user_cityid_1624.0,0.0
cat__user_cityid_1625.0,0.0
cat__user_cityid_1627.0,0.0
cat__user_cityid_1628.0,0.0
cat__user_cityid_1629.0,0.0
cat__user_cityid_1631.0,0.0
cat__user_cityid_1632.0,0.0
cat__user_cityid_1633.0,0.0
cat__user_cityid_1635.0,0.0
cat__user_cityid_1636.0,0.0
cat__user_cityid_1637.0,0.0
cat__user_cityid_1639.0,0.0
cat__user_cityid_1640.0,0.0
cat__user_cityid_1641.0,0.0
cat__user_cityid_1642.0,0.0
cat__user_cityid_1643.0,0.0
cat__user_cityid_1644.0,0.0
cat__user_cityid_1646.0,0.0
cat__user_cityid_1647.0,0.0
cat__user_cityid_1648.0,0.0
cat__user_cityid_1649.0,0.0
cat__user_cityid_1652.0,0.0
cat__user_cityid_1653.0,0.0
cat__user_cityid_1654.0,0.0
cat__user_cityid_1655.0,0.0
cat__user_cityid_1656.0,0.0
cat__user_cityid_1657.0,0.0
cat__user_cityid_1658.0,0.0
cat__user_cityid_1659.0,0.0
cat__user_cityid_1663.0,0.0
cat__user_cityid_1664.0,0.0
cat__user_cityid_1666.0,0.0
cat__user_cityid_1667.0,0.0
cat__user_cityid_1668.0,0.0
cat__user_cityid_1670.0,0.0
cat__user_cityid_1674.0,0.0
cat__user_cityid_1675.0,0.0
cat__user_cityid_1676.0,0.0
cat__user_cityid_1677.0,0.0
cat__user_cityid_1679.0,0.0
cat__user_cityid_1682.0,0.0
cat__user_cityid_1685.0,0.0
cat__user_cityid_1686.0,0.0
cat__user_cityid_1687.0,0.0
cat__user_cityid_1689.0,0.0
cat__user_cityid_1690.0,0.0
cat__user_cityid_1691.0,0.0
cat__user_cityid_1693.0,0.0
cat__user_cityid_1697.0,0.0
cat__user_cityid_1698.0,0.0
cat__user_cityid_1699.0,0.0
cat__user_cityid_1700.0,0.0
cat__user_cityid_1701.0,0.0
cat__user_cityid_1704.0,0.0
cat__user_cityid_1705.0,0.0
cat__user_cityid_1707.0,0.0
cat__user_cityid_1710.0,0.0
cat__user_cityid_1711.0,0.0
cat__user_cityid_1713.0,0.0
cat__user_cityid_1715.0,0.0
cat__user_cityid_1716.0,0.0
cat__user_cityid_1717.0,0.0
cat__user_cityid_1718.0,0.0
cat__user_cityid_1719.0,0.0
cat__user_cityid_1720.0,0.0
cat__user_cityid_1722.0,0.0
cat__user_cityid_1723.0,0.0
cat__user_cityid_1724.0,0.0
cat__user_cityid_1726.0,0.0
cat__user_cityid_1727.0,0.0
cat__user_cityid_1729.0,0.0
cat__user_cityid_1730.0,0.0
cat__user_cityid_1731.0,0.0
cat__user_cityid_1732.0,0.0
cat__user_cityid_1734.0,0.0
cat__user_cityid_1735.0,0.0
cat__user_cityid_1736.0,0.0
cat__user_cityid_1737.0,0.0
cat__user_cityid_1738.0,0.0
cat__user_cityid_1739.0,0.0
cat__user_cityid_1743.0,0.0
cat__user_cityid_1748.0,0.0
cat__user_cityid_1749.0,0.0
cat__user_cityid_1750.0,0.0
cat__user_cityid_1751.0,0.0
cat__user_cityid_1752.0,0.0
cat__user_cityid_1753.0,0.0
cat__user_cityid_1757.0,0.0
cat__user_cityid_1759.0,0.0
cat__user_cityid_1765.0,0.0
cat__user_cityid_1766.0,0.0
cat__user_cityid_1771.0,0.0
cat__user_cityid_1774.0,0.0
cat__user_cityid_1776.0,0.0
cat__user_cityid_1778.0,0.0
cat__user_cityid_1779.0,0.0
cat__user_cityid_1783.0,0.0
cat__user_cityid_1785.0,0.0
cat__user_cityid_1786.0,0.0
cat__user_cityid_1787.0,0.0
cat__user_cityid_1791.0,0.0
cat__user_cityid_1793.0,0.0
cat__user_cityid_1794.0,0.0
cat__user_cityid_1795.0,0.0
cat__user_cityid_1796.0,0.0
cat__user_cityid_1797.0,0.0
cat__user_cityid_1798.0,0.0
cat__user_cityid_1801.0,0.0
cat__user_cityid_1804.0,0.0
cat__user_cityid_1805.0,0.0
cat__user_cityid_1806.0,0.0
cat__user_cityid_1810.0,0.0
cat__user_cityid_1811.0,0.0
cat__user_cityid_1813.0,0.0
cat__user_cityid_1815.0,0.0
cat__user_cityid_1816.0,0.0
cat__user_cityid_1818.0,0.0
cat__user_cityid_1819.0,0.0
cat__user_cityid_1820.0,0.0
cat__user_cityid_1823.0,0.0
cat__user_cityid_1824.0,0.0
cat__user_cityid_1825.0,0.0
cat__user_cityid_1826.0,0.0
cat__user_cityid_1827.0,0.0
cat__user_cityid_1828.0,0.0
cat__user_cityid_1829.0,0.0
cat__user_cityid_1831.0,0.0
cat__user_cityid_1832.0,0.0
cat__user_cityid_1833.0,0.0
cat__user_cityid_1834.0,0.0
cat__user_cityid_1836.0,0.0
cat__user_cityid_1837.0,0.0
cat__user_cityid_1839.0,0.0
cat__user_cityid_1840.0,0.0
cat__user_cityid_1842.0,0.0
cat__user_cityid_1843.0,0.0
cat__user_cityid_1844.0,0.0
cat__user_cityid_1845.0,0.0
cat__user_cityid_1846.0,0.0
cat__user_cityid_1847.0,0.0
cat__user_cityid_1851.0,0.0
cat__user_cityid_1855.0,0.0
cat__user_cityid_1856.0,0.0
cat__user_cityid_1858.0,0.0
cat__user_cityid_1859.0,0.0
cat__user_cityid_1862.0,0.0
cat__user_cityid_1863.0,0.0
cat__user_cityid_1864.0,0.0
cat__user_cityid_1865.0,0.0
cat__user_cityid_1866.0,0.0
cat__user_cityid_1867.0,0.0
cat__user_cityid_1868.0,0.0
cat__user_cityid_1869.0,0.0
cat__user_cityid_1870.0,0.0
cat__user_cityid_1872.0,0.0
cat__user_cityid_1875.0,0.0
cat__user_cityid_1882.0,0.0
cat__user_cityid_1883.0,0.0
cat__user_cityid_1890.0,0.0
cat__user_cityid_1891.0,0.0
cat__user_cityid_1892.0,0.0
cat__user_cityid_1893.0,0.0
cat__user_cityid_1894.0,0.0
cat__user_cityid_1896.0,0.0
cat__user_cityid_1899.0,0.0
cat__user_cityid_1900.0,0.0
cat__user_cityid_1902.0,0.0
cat__user_cityid_1904.0,0.0
cat__user_cityid_1906.0,0.0
cat__user_cityid_1909.0,0.0
cat__user_cityid_1911.0,0.0
cat__user_cityid_1913.0,0.0
cat__user_cityid_1917.0,0.0
cat__user_cityid_1919.0,0.0
cat__user_cityid_1923.0,0.0
cat__user_cityid_1924.0,0.0
cat__user_cityid_1927.0,0.0
cat__user_cityid_1929.0,0.0
cat__user_cityid_1930.0,0.0
cat__user_cityid_1931.0,0.0
cat__user_cityid_1933.0,0.0
cat__user_cityid_1934.0,0.0
cat__user_cityid_1935.0,0.0
cat__user_cityid_1936.0,0.0
cat__user_cityid_1937.0,0.0
cat__user_cityid_1942.0,0.0
cat__user_cityid_1949.0,0.0
cat__user_cityid_1950.0,0.0
cat__user_cityid_1952.0,0.0
cat__user_cityid_1953.0,0.0
cat__user_cityid_1955.0,0.0
cat__user_cityid_1957.0,0.0
cat__user_cityid_1959.0,0.0
cat__user_cityid_1962.0,0.0
cat__user_cityid_1963.0,0.0
cat__user_cityid_1964.0,0.0
cat__user_cityid_1966.0,0.0
cat__user_cityid_1967.0,0.0
cat__user_cityid_1969.0,0.0
cat__user_cityid_1970.0,0.0
cat__user_cityid_1971.0,0.0
cat__user_cityid_1972.0,0.0
cat__user_cityid_1974.0,0.0
cat__user_cityid_1977.0,0.0
cat__user_cityid_1978.0,0.0
cat__user_cityid_1979.0,0.0
cat__user_cityid_1980.0,0.0
cat__user_cityid_1982.0,0.0
cat__user_cityid_1984.0,0.0
cat__user_cityid_1985.0,0.0
cat__user_cityid_1986.0,0.0
cat__user_cityid_1987.0,0.0
cat__user_cityid_1989.0,0.0
cat__user_cityid_1991.0,0.0
cat__user_cityid_1992.0,0.0
cat__user_cityid_1993.0,0.0
cat__user_cityid_1995.0,0.0
cat__user_cityid_2001.0,0.0
cat__user_cityid_2002.0,0.0
cat__user_cityid_2004.0,0.0
cat__user_cityid_2006.0,0.0
cat__user_cityid_2008.0,0.0
cat__user_cityid_2010.0,0.0
cat__user_cityid_2011.0,0.0
cat__user_cityid_2012.0,0.0
cat__user_cityid_2013.0,0.0
cat__user_cityid_2015.0,0.0
cat__user_cityid_2016.0,0.0
cat__user_cityid_2018.0,0.0
cat__user_cityid_2019.0,0.0
cat__user_cityid_2020.0,0.0
cat__user_cityid_2024.0,0.0
cat__user_cityid_2027.0,0.0
cat__user_cityid_2028.0,0.0
cat__user_cityid_2030.0,0.0
cat__user_cityid_2031.0,0.0
cat__user_cityid_2035.0,0.0
cat__user_cityid_2036.0,0.0
cat__user_cityid_2038.0,0.0
cat__user_cityid_2041.0,0.0
cat__user_cityid_2042.0,0.0
cat__user_cityid_2043.0,0.0
cat__user_cityid_2045.0,0.0
cat__user_cityid_2046.0,0.0
cat__user_cityid_2047.0,0.0
cat__user_cityid_2048.0,0.0
cat__user_cityid_2049.0,0.0
cat__user_cityid_2052.0,0.0
cat__user_cityid_2053.0,0.0
cat__user_cityid_2054.0,0.0
cat__user_cityid_2056.0,0.0
cat__user_cityid_2058.0,0.0
cat__user_cityid_2060.0,0.0
cat__user_cityid_2061.0,0.0
cat__user_cityid_2062.0,0.0
cat__user_cityid_2063.0,0.0
cat__user_cityid_2064.0,0.0
cat__user_cityid_2066.0,0.0
cat__user_cityid_2067.0,0.0
cat__user_cityid_2069.0,0.0
cat__user_cityid_2071.0,0.0
cat__user_cityid_2075.0,0.0
cat__user_cityid_2079.0,0.0
cat__user_cityid_2081.0,0.0
cat__user_cityid_2085.0,0.0
cat__user_cityid_2086.0,0.0
cat__user_cityid_2087.0,0.0
cat__user_cityid_2088.0,0.0
cat__user_cityid_2090.0,0.0
cat__user_cityid_2092.0,0.0
cat__user_cityid_2094.0,0.0
cat__user_cityid_2095.0,0.0
cat__user_cityid_2096.0,0.0
cat__user_cityid_2097.0,0.0
cat__user_cityid_2099.0,0.0
cat__user_cityid_2101.0,0.0
cat__user_cityid_2102.0,0.0
cat__user_cityid_2103.0,0.0
cat__user_cityid_2105.0,0.0
cat__user_cityid_2106.0,0.0
cat__user_cityid_2107.0,0.0
cat__user_cityid_2109.0,0.0
cat__user_cityid_2111.0,0.0
cat__user_cityid_2113.0,0.0
cat__user_cityid_2114.0,0.0
cat__user_cityid_2115.0,0.0
cat__user_cityid_2116.0,0.0
cat__user_cityid_2117.0,0.0
cat__user_cityid_2118.0,0.0
cat__user_cityid_2121.0,0.0
cat__user_cityid_2123.0,0.0
cat__user_cityid_2126.0,0.0
cat__user_cityid_2127.0,0.0
cat__user_cityid_2128.0,0.0
cat__user_cityid_2129.0,0.0
cat__user_cityid_2130.0,0.0
cat__user_cityid_2131.0,0.0
cat__user_cityid_2132.0,0.0
cat__user_cityid_2133.0,0.0
cat__user_cityid_2134.0,0.0
cat__user_cityid_2136.0,0.0
cat__user_cityid_2139.0,0.0
cat__user_cityid_2140.0,0.0
cat__user_cityid_2144.0,0.0
cat__user_cityid_2146.0,0.0
cat__user_cityid_2147.0,0.0
cat__user_cityid_2148.0,0.0
cat__user_cityid_2149.0,0.0
cat__user_cityid_2152.0,0.0
cat__user_cityid_2153.0,0.0
cat__user_cityid_2156.0,0.0
cat__user_cityid_2157.0,0.0
cat__user_cityid_2161.0,0.0
cat__user_cityid_2164.0,0.0
cat__user_cityid_2167.0,0.0
cat__user_cityid_2168.0,0.0
cat__user_cityid_2169.0,0.0
cat__user_cityid_2171.0,0.0
cat__user_cityid_2173.0,0.0
cat__user_cityid_2174.0,0.0
cat__user_cityid_2175.0,0.0
cat__user_cityid_2176.0,0.0
cat__user_cityid_2177.0,0.0
cat__user_cityid_2180.0,0.0
cat__user_cityid_2181.0,0.0
cat__user_cityid_2184.0,0.0
cat__user_cityid_2187.0,0.0
cat__user_cityid_2188.0,0.0
cat__user_cityid_2189.0,0.0
cat__user_cityid_2190.0,0.0
cat__user_cityid_2191.0,0.0
cat__user_cityid_2192.0,0.0
cat__user_cityid_2193.0,0.0
cat__user_cityid_2194.0,0.0
cat__user_cityid_2195.0,0.0
cat__user_cityid_2196.0,0.0
cat__user_cityid_2197.0,0.0
cat__user_cityid_2200.0,0.0
cat__user_cityid_2201.0,0.0
cat__user_cityid_2204.0,0.0
cat__user_cityid_2206.0,0.0
cat__user_cityid_2207.0,0.0
cat__user_cityid_2208.0,0.0
cat__user_cityid_2209.0,0.0
cat__user_cityid_2216.0,0.0
cat__user_cityid_2220.0,0.0
cat__user_cityid_2225.0,0.0
cat__user_cityid_2227.0,0.0
cat__user_cityid_2229.0,0.0
cat__user_cityid_2230.0,0.0
cat__user_cityid_2231.0,0.0
cat__user_cityid_2232.0,0.0
cat__user_cityid_2234.0,0.0
cat__user_cityid_2236.0,0.0
cat__user_cityid_2238.0,0.0
cat__user_cityid_2239.0,0.0
cat__user_cityid_2242.0,0.0
cat__user_cityid_2244.0,0.0
cat__user_cityid_2247.0,0.0
cat__user_cityid_2248.0,0.0
cat__user_cityid_2250.0,0.0
cat__user_cityid_2251.0,0.0
cat__user_cityid_2253.0,0.0
cat__user_cityid_2254.0,0.0
cat__user_cityid_2257.0,0.0
cat__user_cityid_2260.0,0.0
cat__user_cityid_2261.0,0.0
cat__user_cityid_2262.0,0.0
cat__user_cityid_2263.0,0.0
cat__user_cityid_2265.0,0.0
cat__user_cityid_2266.0,0.0
cat__user_cityid_2267.0,0.0
cat__user_cityid_2268.0,0.0
cat__user_cityid_2269.0,0.0
cat__user_cityid_2270.0,0.0
cat__user_cityid_2272.0,0.0
cat__user_cityid_2273.0,0.0
cat__user_cityid_2274.0,0.0
cat__user_cityid_2275.0,0.0
cat__user_cityid_2277.0,0.0
cat__user_cityid_2279.0,0.0
cat__user_cityid_2280.0,0.0
cat__user_cityid_2282.0,0.0
cat__user_cityid_2283.0,0.0
cat__user_cityid_2285.0,0.0
cat__user_cityid_2286.0,0.0
cat__user_cityid_2288.0,0.0
cat__user_cityid_2289.0,0.0
cat__user_cityid_2291.0,0.0
cat__user_cityid_2292.0,0.0
cat__user_cityid_2294.0,0.0
cat__user_cityid_2295.0,0.0
cat__user_cityid_2298.0,0.0
cat__user_cityid_2299.0,0.0
cat__user_cityid_2301.0,0.0
cat__user_cityid_2302.0,0.0
cat__user_cityid_2303.0,0.0
cat__user_cityid_2304.0,0.0
cat__user_cityid_2306.0,0.0
cat__user_cityid_2309.0,0.0
cat__user_cityid_2311.0,0.0
cat__user_cityid_2312.0,0.0
cat__user_cityid_2313.0,0.0
cat__user_cityid_2316.0,0.0
cat__user_cityid_2319.0,0.0
cat__user_cityid_2322.0,0.0
cat__user_cityid_2331.0,0.0
cat__user_cityid_2332.0,0.0
cat__user_cityid_2333.0,0.0
cat__user_cityid_2335.0,0.0
cat__user_cityid_2337.0,0.0
cat__user_cityid_2340.0,0.0
cat__user_cityid_2344.0,0.0
cat__user_cityid_2346.0,0.0
cat__user_cityid_2349.0,0.0
cat__user_cityid_2351.0,0.0
cat__user_cityid_2353.0,0.0
cat__user_cityid_2356.0,0.0
cat__user_cityid_2357.0,0.0
cat__user_cityid_2359.0,0.0
cat__user_cityid_2360.0,0.0
cat__user_cityid_2361.0,0.0
cat__user_cityid_2365.0,0.0
cat__user_cityid_2366.0,0.0
cat__user_cityid_2368.0,0.0
cat__user_cityid_2369.0,0.0
cat__user_cityid_2370.0,0.0
cat__user_cityid_2371.0,0.0
cat__user_cityid_2372.0,0.0
cat__user_cityid_2373.0,0.0
cat__user_cityid_2375.0,0.0
cat__user_cityid_2376.0,0.0
cat__user_cityid_2377.0,0.0
cat__user_cityid_2380.0,0.0
cat__user_cityid_2382.0,0.0
cat__user_cityid_2385.0,0.0
cat__user_cityid_2386.0,0.0
cat__user_cityid_2387.0,0.0
cat__user_cityid_2388.0,0.0
cat__user_cityid_2389.0,0.0
cat__user_cityid_2391.0,0.0
cat__user_cityid_2392.0,0.0
cat__user_cityid_2395.0,0.0
cat__user_cityid_2396.0,0.0
cat__user_cityid_2397.0,0.0
cat__user_cityid_2398.0,0.0
cat__user_cityid_2400.0,0.0
cat__user_cityid_2405.0,0.0
cat__user_cityid_2407.0,0.0
cat__user_cityid_2408.0,0.0
cat__user_cityid_2409.0,0.0
cat__user_cityid_2410.0,0.0
cat__user_cityid_2411.0,0.0
cat__user_cityid_2416.0,0.0
cat__user_cityid_2418.0,0.0
cat__user_cityid_2421.0,0.0
cat__user_cityid_2423.0,0.0
cat__user_cityid_2425.0,0.0
cat__user_cityid_2427.0,0.0
cat__user_cityid_2428.0,0.0
cat__user_cityid_2429.0,0.0
cat__user_cityid_2430.0,0.0
cat__user_cityid_2431.0,0.0
cat__user_cityid_2434.0,0.0
cat__user_cityid_2435.0,0.0
cat__user_cityid_2436.0,0.0
cat__user_cityid_2437.0,0.0
cat__user_cityid_2443.0,0.0
cat__user_cityid_2444.0,0.0
cat__user_cityid_2445.0,0.0
cat__user_cityid_2446.0,0.0
cat__user_cityid_2447.0,0.0
cat__user_cityid_2448.0,0.0
cat__user_cityid_2449.0,0.0
cat__user_cityid_2451.0,0.0
cat__user_cityid_2453.0,0.0
cat__user_cityid_2456.0,0.0
cat__user_cityid_2458.0,0.0
cat__user_cityid_2460.0,0.0
cat__user_cityid_2462.0,0.0
cat__user_cityid_2465.0,0.0
cat__user_cityid_2466.0,0.0
cat__user_cityid_2467.0,0.0
cat__user_cityid_2468.0,0.0
cat__user_cityid_2469.0,0.0
cat__user_cityid_2470.0,0.0
cat__user_cityid_2471.0,0.0
cat__user_cityid_2473.0,0.0
cat__user_cityid_2475.0,0.0
cat__user_cityid_2476.0,0.0
cat__user_cityid_2477.0,0.0
cat__user_cityid_2478.0,0.0
cat__user_cityid_2479.0,0.0
cat__user_cityid_2481.0,0.0
cat__user_cityid_2482.0,0.0
cat__user_cityid_2485.0,0.0
cat__user_cityid_2486.0,0.0
cat__user_cityid_2487.0,0.0
cat__user_cityid_2488.0,0.0
cat__user_cityid_2491.0,0.0
cat__user_cityid_2495.0,0.0
cat__user_cityid_2496.0,0.0
cat__user_cityid_2497.0,0.0
cat__user_cityid_2498.0,0.0
cat__user_cityid_2500.0,0.0
cat__user_cityid_2501.0,0.0
cat__user_cityid_2503.0,0.0
cat__user_cityid_2505.0,0.0
cat__user_cityid_2506.0,0.0
cat__user_cityid_2508.0,0.0
cat__user_cityid_2509.0,0.0
cat__user_cityid_2510.0,0.0
cat__user_cityid_2514.0,0.0
cat__user_cityid_2516.0,0.0
cat__user_cityid_2517.0,0.0
cat__user_cityid_2519.0,0.0
cat__user_cityid_2522.0,0.0
cat__user_cityid_2523.0,0.0
cat__user_cityid_2529.0,0.0
cat__user_cityid_2530.0,0.0
cat__user_cityid_2531.0,0.0
cat__user_cityid_2532.0,0.0
cat__user_cityid_2534.0,0.0
cat__user_cityid_2536.0,0.0
cat__user_cityid_2537.0,0.0
cat__user_cityid_2538.0,0.0
cat__user_cityid_2542.0,0.0
cat__user_cityid_2543.0,0.0
cat__user_cityid_2544.0,0.0
cat__user_cityid_2547.0,0.0
cat__user_cityid_2548.0,0.0
cat__user_cityid_2550.0,0.0
cat__user_cityid_2551.0,0.0
cat__user_cityid_2552.0,0.0
cat__user_cityid_2553.0,0.0
cat__user_cityid_2554.0,0.0
cat__user_cityid_2558.0,0.0
cat__user_cityid_2559.0,0.0
cat__user_cityid_2560.0,0.0
cat__user_cityid_2561.0,0.0
cat__user_cityid_2563.0,0.0
cat__user_cityid_2564.0,0.0
cat__user_cityid_2566.0,0.0
cat__user_cityid_2567.0,0.0
cat__user_cityid_2568.0,0.0
cat__user_cityid_2569.0,0.0
cat__user_cityid_2570.0,0.0
cat__user_cityid_2572.0,0.0
cat__user_cityid_2573.0,0.0
cat__user_cityid_2574.0,0.0
cat__user_cityid_2575.0,0.0
cat__user_cityid_2576.0,0.0
cat__user_cityid_2579.0,0.0
cat__user_cityid_2580.0,0.0
cat__user_cityid_2581.0,0.0
cat__user_cityid_2584.0,0.0
cat__user_cityid_2585.0,0.0
cat__user_cityid_2586.0,0.0
cat__user_cityid_2589.0,0.0
cat__user_cityid_2590.0,0.0
cat__user_cityid_2592.0,0.0
cat__user_cityid_2593.0,0.0
cat__user_cityid_2595.0,0.0
cat__user_cityid_2596.0,0.0
cat__user_cityid_2599.0,0.0
cat__user_cityid_2601.0,0.0
cat__user_cityid_2602.0,0.0
cat__user_cityid_2604.0,0.0
cat__user_cityid_2605.0,0.0
cat__user_cityid_2606.0,0.0
cat__user_cityid_2607.0,0.0
cat__user_cityid_2609.0,0.0
cat__user_cityid_2610.0,0.0
cat__user_cityid_2612.0,0.0
cat__user_cityid_2614.0,0.0
cat__user_cityid_2615.0,0.0
cat__user_cityid_2616.0,0.0
cat__user_cityid_2617.0,0.0
cat__user_cityid_2618.0,0.0
cat__user_cityid_2621.0,0.0
cat__user_cityid_2623.0,0.0
cat__user_cityid_2624.0,0.0
cat__user_cityid_2625.0,0.0
cat__user_cityid_2627.0,0.0
cat__user_cityid_2628.0,0.0
cat__user_cityid_2629.0,0.0
cat__user_cityid_2630.0,0.0
cat__user_cityid_2632.0,0.0
cat__user_cityid_2633.0,0.0
cat__user_cityid_2635.0,0.0
cat__user_cityid_2637.0,0.0
cat__user_cityid_2639.0,0.0
cat__user_cityid_2640.0,0.0
cat__user_cityid_2641.0,0.0
cat__user_cityid_2643.0,0.0
cat__user_cityid_2645.0,0.0
cat__user_cityid_2646.0,0.0
cat__user_cityid_2647.0,0.0
cat__user_cityid_2648.0,0.0
cat__user_cityid_2649.0,0.0
cat__user_cityid_2650.0,0.0
cat__user_cityid_2654.0,0.0
cat__user_cityid_2655.0,0.0
cat__user_cityid_2656.0,0.0
cat__user_cityid_2657.0,0.0
cat__user_cityid_2658.0,0.0
cat__user_cityid_2661.0,0.0
cat__user_cityid_2663.0,0.0
cat__user_cityid_2664.0,0.0
cat__user_cityid_2665.0,0.0
cat__user_cityid_2666.0,0.0
cat__user_cityid_2667.0,0.0
cat__user_cityid_2668.0,0.0
cat__user_cityid_2669.0,0.0
cat__user_cityid_2670.0,0.0
cat__user_cityid_2674.0,0.0
cat__user_cityid_2675.0,0.0
cat__user_cityid_2678.0,0.0
cat__user_cityid_2679.0,0.0
cat__user_cityid_2682.0,0.0
cat__user_cityid_2683.0,0.0
cat__user_cityid_2684.0,0.0
cat__user_cityid_2688.0,0.0
cat__user_cityid_2690.0,0.0
cat__user_cityid_2694.0,0.0
cat__user_cityid_2695.0,0.0
cat__user_cityid_2696.0,0.0
cat__user_cityid_2698.0,0.0
cat__user_cityid_2699.0,0.0
cat__user_cityid_2700.0,0.0
cat__user_cityid_2701.0,0.0
cat__user_cityid_2702.0,0.0
cat__user_cityid_2703.0,0.0
cat__user_cityid_2704.0,0.0
cat__user_cityid_2706.0,0.0
cat__user_cityid_2707.0,0.0
cat__user_cityid_2708.0,0.0
cat__user_cityid_2709.0,0.0
cat__user_cityid_2710.0,0.0
cat__user_cityid_2711.0,0.0
cat__user_cityid_2713.0,0.0
cat__user_cityid_2715.0,0.0
cat__user_cityid_2716.0,0.0
cat__user_cityid_2718.0,0.0
cat__user_cityid_2722.0,0.0
cat__user_cityid_2723.0,0.0
cat__user_cityid_2725.0,0.0
cat__user_cityid_2726.0,0.0
cat__user_cityid_2727.0,0.0
cat__user_cityid_2729.0,0.0
cat__user_cityid_2730.0,0.0
cat__user_cityid_2734.0,0.0
cat__user_cityid_2735.0,0.0
cat__user_cityid_2736.0,0.0
cat__user_cityid_2737.0,0.0
cat__user_cityid_2738.0,0.0
cat__user_cityid_2739.0,0.0
cat__user_cityid_2741.0,0.0
cat__user_cityid_2743.0,0.0
cat__user_cityid_2744.0,0.0
cat__user_cityid_2745.0,0.0
cat__user_cityid_2747.0,0.0
cat__user_cityid_2748.0,0.0
cat__user_cityid_2749.0,0.0
cat__user_cityid_2751.0,0.0
cat__user_cityid_2752.0,0.0
cat__user_cityid_2754.0,0.0
cat__user_cityid_2755.0,0.0
cat__user_cityid_2757.0,0.0
cat__user_cityid_2758.0,0.0
cat__user_cityid_2759.0,0.0
cat__user_cityid_2761.0,0.0
cat__user_cityid_2762.0,0.0
cat__user_cityid_2763.0,0.0
cat__user_cityid_2764.0,0.0
cat__user_cityid_2765.0,0.0
cat__user_cityid_2766.0,0.0
cat__user_cityid_2768.0,0.0
cat__user_cityid_2771.0,0.0
cat__user_cityid_2774.0,0.0
cat__user_cityid_2775.0,0.0
cat__user_cityid_2780.0,0.0
cat__user_cityid_2781.0,0.0
cat__user_cityid_2783.0,0.0
cat__user_cityid_2785.0,0.0
cat__user_cityid_2786.0,0.0
cat__user_cityid_2787.0,0.0
cat__user_cityid_2788.0,0.0
cat__user_cityid_2789.0,0.0
cat__user_cityid_2790.0,0.0
cat__user_cityid_2791.0,0.0
cat__user_cityid_2794.0,0.0
cat__user_cityid_2795.0,0.0
cat__user_cityid_2796.0,0.0
cat__user_cityid_2798.0,0.0
cat__user_cityid_2799.0,0.0
cat__user_cityid_2800.0,0.0
cat__user_cityid_2801.0,0.0
cat__user_cityid_2802.0,0.0
cat__user_cityid_2804.0,0.0
cat__user_cityid_2805.0,0.0
cat__user_cityid_2806.0,0.0
cat__user_cityid_2808.0,0.0
cat__user_cityid_2809.0,0.0
cat__user_cityid_2810.0,0.0
cat__user_cityid_2813.0,0.0
cat__user_cityid_2814.0,0.0
cat__user_cityid_2815.0,0.0
cat__user_cityid_2816.0,0.0
cat__user_cityid_2817.0,0.0
cat__user_cityid_2819.0,0.0
cat__user_cityid_2820.0,0.0
cat__user_cityid_2821.0,0.0
cat__user_cityid_2822.0,0.0
cat__user_cityid_2823.0,0.0
cat__user_cityid_2824.0,0.0
cat__user_cityid_2825.0,0.0
cat__user_cityid_2826.0,0.0
cat__user_cityid_2827.0,0.0
cat__user_cityid_2828.0,0.0
cat__user_cityid_2829.0,0.0
cat__user_cityid_2830.0,0.0
cat__user_cityid_2831.0,0.0
cat__user_cityid_2832.0,0.0
cat__user_cityid_2833.0,0.0
cat__user_cityid_2835.0,0.0
cat__user_cityid_2838.0,0.0
cat__user_cityid_2840.0,0.0
cat__user_cityid_2841.0,0.0
cat__user_cityid_2843.0,0.0
cat__user_cityid_2845.0,0.0
cat__user_cityid_2846.0,0.0
cat__user_cityid_2848.0,0.0
cat__user_cityid_2850.0,0.0
cat__user_cityid_2851.0,0.0
cat__user_cityid_2855.0,0.0
cat__user_cityid_2856.0,0.0
cat__user_cityid_2857.0,0.0
cat__user_cityid_2858.0,0.0
cat__user_cityid_2860.0,0.0
cat__user_cityid_2861.0,0.0
cat__user_cityid_2862.0,0.0
cat__user_cityid_2863.0,0.0
cat__user_cityid_2866.0,0.0
cat__user_cityid_2867.0,0.0
cat__user_cityid_2870.0,0.0
cat__user_cityid_2872.0,0.0
cat__user_cityid_2882.0,0.0
cat__user_cityid_2883.0,0.0
cat__user_cityid_2887.0,0.0
cat__user_cityid_2888.0,0.0
cat__user_cityid_2890.0,0.0
cat__user_cityid_2893.0,0.0
cat__user_cityid_2894.0,0.0
cat__user_cityid_2895.0,0.0
cat__user_cityid_2896.0,0.0
cat__user_cityid_2898.0,0.0
cat__user_cityid_2899.0,0.0
cat__user_cityid_2901.0,0.0
cat__user_cityid_2905.0,0.0
cat__user_cityid_2908.0,0.0
cat__user_cityid_2909.0,0.0
cat__user_cityid_2911.0,0.0
cat__user_cityid_2913.0,0.0
cat__user_cityid_2914.0,0.0
cat__user_cityid_2915.0,0.0
cat__user_cityid_2917.0,0.0
cat__user_cityid_2918.0,0.0
cat__user_cityid_2921.0,0.0
cat__user_cityid_2923.0,0.0
cat__user_cityid_2924.0,0.0
cat__user_cityid_2932.0,0.0
cat__user_cityid_2933.0,0.0
cat__user_cityid_2934.0,0.0
cat__user_cityid_2935.0,0.0
cat__user_cityid_2938.0,0.0
cat__user_cityid_2939.0,0.0
cat__user_cityid_2942.0,0.0
cat__user_cityid_2943.0,0.0
cat__user_cityid_2945.0,0.0
cat__user_cityid_2947.0,0.0
cat__user_cityid_2948.0,0.0
cat__user_cityid_2952.0,0.0
cat__user_cityid_2956.0,0.0
cat__user_cityid_2957.0,0.0
cat__user_cityid_2958.0,0.0
cat__user_cityid_2960.0,0.0
cat__user_cityid_2961.0,0.0
cat__user_cityid_2962.0,0.0
cat__user_cityid_2964.0,0.0
cat__user_cityid_2965.0,0.0
cat__user_cityid_2966.0,0.0
cat__user_cityid_2968.0,0.0
cat__user_cityid_2969.0,0.0
cat__user_cityid_2970.0,0.0
cat__user_cityid_2972.0,0.0
cat__user_cityid_2973.0,0.0
cat__user_cityid_2976.0,0.0
cat__user_cityid_2977.0,0.0
cat__user_cityid_2980.0,0.0
cat__user_cityid_2981.0,0.0
cat__user_cityid_2983.0,0.0
cat__user_cityid_2984.0,0.0
cat__user_cityid_2987.0,0.0
cat__user_cityid_2988.0,0.0
cat__user_cityid_2989.0,0.0
cat__user_cityid_2990.0,0.0
cat__user_cityid_2991.0,0.0
cat__user_cityid_2994.0,0.0
cat__user_cityid_2996.0,0.0
cat__user_cityid_2998.0,0.0
cat__user_cityid_2999.0,0.0
cat__user_cityid_3001.0,0.0
cat__user_cityid_3008.0,0.0
cat__user_cityid_3009.0,0.0
cat__user_cityid_3013.0,0.0
cat__user_cityid_3014.0,0.0
cat__user_cityid_3015.0,0.0
cat__user_cityid_3016.0,0.0
cat__user_cityid_3017.0,0.0
cat__user_cityid_3019.0,0.0
cat__user_cityid_3022.0,0.0
cat__user_cityid_3023.0,0.0
cat__user_cityid_3024.0,0.0
cat__user_cityid_3026.0,0.0
cat__user_cityid_3027.0,0.0
cat__user_cityid_3029.0,0.0
cat__user_cityid_3033.0,0.0
cat__user_cityid_3035.0,0.0
cat__user_cityid_3036.0,0.0
cat__user_cityid_3043.0,0.0
cat__user_cityid_3045.0,0.0
cat__user_cityid_3046.0,0.0
cat__user_cityid_3048.0,0.0
cat__user_cityid_3051.0,0.0
cat__user_cityid_3053.0,0.0
cat__user_cityid_3056.0,0.0
cat__user_cityid_3060.0,0.0
cat__user_cityid_3061.0,0.0
cat__user_cityid_3064.0,0.0
cat__user_cityid_3066.0,0.0
cat__user_cityid_3067.0,0.0
cat__user_cityid_3070.0,0.0
cat__user_cityid_3071.0,0.0
cat__user_cityid_3072.0,0.0
cat__user_cityid_3073.0,0.0
cat__user_cityid_3074.0,0.0
cat__user_cityid_3076.0,0.0
cat__user_cityid_3077.0,0.0
cat__user_cityid_3078.0,0.0
cat__user_cityid_3080.0,0.0
cat__user_cityid_3081.0,0.0
cat__user_cityid_3083.0,0.0
cat__user_cityid_3085.0,0.0
cat__user_cityid_3086.0,0.0
cat__user_cityid_3088.0,0.0
cat__user_cityid_3091.0,0.0
cat__user_cityid_3092.0,0.0
cat__user_cityid_3095.0,0.0
cat__user_cityid_3098.0,0.0
cat__user_cityid_3100.0,0.0
cat__user_cityid_3104.0,0.0
cat__user_cityid_3106.0,0.0
cat__user_cityid_3110.0,0.0
cat__user_cityid_3111.0,0.0
cat__user_cityid_3112.0,0.0
cat__user_cityid_3114.0,0.0
cat__user_cityid_3116.0,0.0
cat__user_cityid_3117.0,0.0
cat__user_cityid_3118.0,0.0
cat__user_cityid_3119.0,0.0
cat__user_cityid_3122.0,0.0
cat__user_cityid_3123.0,0.0
cat__user_cityid_3128.0,0.0
cat__user_cityid_3131.0,0.0
cat__user_cityid_3133.0,0.0
cat__user_cityid_3134.0,0.0
cat__user_cityid_3135.0,0.0
cat__user_cityid_3137.0,0.0
cat__user_cityid_3140.0,0.0
cat__user_cityid_3144.0,0.0
cat__user_cityid_3146.0,0.0
cat__user_cityid_3149.0,0.0
cat__user_cityid_3150.0,0.0
cat__user_cityid_3151.0,0.0
cat__user_cityid_3152.0,0.0
cat__user_cityid_3153.0,0.0
cat__user_cityid_3154.0,0.0
cat__user_cityid_3155.0,0.0
cat__user_cityid_3156.0,0.0
cat__user_cityid_3158.0,0.0
cat__user_cityid_3159.0,0.0
cat__user_cityid_3161.0,0.0
cat__user_cityid_3162.0,0.0
cat__user_cityid_3163.0,0.0
cat__user_cityid_3164.0,0.0
cat__user_cityid_3165.0,0.0
cat__user_cityid_3166.0,0.0
cat__user_cityid_3167.0,0.0
cat__user_cityid_3170.0,0.0
cat__user_cityid_3171.0,0.0
cat__user_cityid_3174.0,0.0
cat__user_cityid_3175.0,0.0
cat__user_cityid_3176.0,0.0
cat__user_cityid_3177.0,0.0
cat__user_cityid_3178.0,0.0
cat__user_cityid_3179.0,0.0
cat__user_cityid_3182.0,0.0
cat__user_cityid_3183.0,0.0
cat__user_cityid_3184.0,0.0
cat__user_cityid_3190.0,0.0
cat__user_cityid_3192.0,0.0
cat__user_cityid_3193.0,0.0
cat__user_cityid_3197.0,0.0
cat__user_cityid_3200.0,0.0
cat__user_cityid_3203.0,0.0
cat__user_cityid_3207.0,0.0
cat__user_cityid_3208.0,0.0
cat__user_cityid_3209.0,0.0
cat__user_cityid_3211.0,0.0
cat__user_cityid_3212.0,0.0
cat__user_cityid_3213.0,0.0
cat__user_cityid_3217.0,0.0
cat__user_cityid_3220.0,0.0
cat__user_cityid_3221.0,0.0
cat__user_cityid_3222.0,0.0
cat__user_cityid_3225.0,0.0
cat__user_cityid_3226.0,0.0
cat__user_cityid_3229.0,0.0
cat__user_cityid_3230.0,0.0
cat__user_cityid_3231.0,0.0
cat__user_cityid_3232.0,0.0
cat__user_cityid_3233.0,0.0
cat__user_cityid_3236.0,0.0
cat__user_cityid_3237.0,0.0
cat__user_cityid_3240.0,0.0
cat__user_cityid_3241.0,0.0
cat__user_cityid_3243.0,0.0
cat__user_cityid_3244.0,0.0
cat__user_cityid_3246.0,0.0
cat__user_cityid_3249.0,0.0
cat__user_cityid_3251.0,0.0
cat__user_cityid_3256.0,0.0
cat__user_cityid_3257.0,0.0
cat__user_cityid_3258.0,0.0
cat__user_cityid_3260.0,0.0
cat__user_cityid_3262.0,0.0
cat__user_cityid_3263.0,0.0
cat__user_cityid_3265.0,0.0
cat__user_cityid_3267.0,0.0
cat__user_cityid_3269.0,0.0
cat__user_cityid_3270.0,0.0
cat__user_cityid_3271.0,0.0
cat__user_cityid_3272.0,0.0
cat__user_cityid_3273.0,0.0
cat__user_cityid_3279.0,0.0
cat__user_cityid_3281.0,0.0
cat__user_cityid_3282.0,0.0
cat__user_cityid_3284.0,0.0
cat__user_cityid_3285.0,0.0
cat__user_cityid_3287.0,0.0
cat__user_cityid_3288.0,0.0
cat__user_cityid_3289.0,0.0
cat__user_cityid_3294.0,0.0
cat__user_cityid_3296.0,0.0
cat__user_cityid_3297.0,0.0
cat__user_cityid_3298.0,0.0
cat__user_cityid_3299.0,0.0
cat__user_cityid_3301.0,0.0
cat__user_cityid_3303.0,0.0
cat__user_cityid_3305.0,0.0
cat__user_cityid_3307.0,0.0
cat__user_cityid_3313.0,0.0
cat__user_cityid_3315.0,0.0
cat__user_cityid_3316.0,0.0
cat__user_cityid_3318.0,0.0
cat__user_cityid_3319.0,0.0
cat__user_cityid_3321.0,0.0
cat__user_cityid_3322.0,0.0
cat__user_cityid_3324.0,0.0
cat__user_cityid_3327.0,0.0
cat__user_cityid_3331.0,0.0
cat__user_cityid_3335.0,0.0
cat__user_cityid_3336.0,0.0
cat__user_cityid_3337.0,0.0
cat__user_cityid_3338.0,0.0
cat__user_cityid_3341.0,0.0
cat__user_cityid_3342.0,0.0
cat__user_cityid_3343.0,0.0
cat__user_cityid_3344.0,0.0
cat__user_cityid_3348.0,0.0
cat__user_cityid_3350.0,0.0
cat__user_cityid_3351.0,0.0
cat__user_cityid_3352.0,0.0
cat__user_cityid_3354.0,0.0
cat__user_cityid_3356.0,0.0
cat__user_cityid_3357.0,0.0
cat__user_cityid_3360.0,0.0
cat__user_cityid_3361.0,0.0
cat__user_cityid_3362.0,0.0
cat__user_cityid_3363.0,0.0
cat__user_cityid_3365.0,0.0
cat__user_cityid_3367.0,0.0
cat__user_cityid_3368.0,0.0
cat__user_cityid_3369.0,0.0
cat__user_cityid_3371.0,0.0
cat__user_cityid_3373.0,0.0
cat__user_cityid_3375.0,0.0
cat__user_cityid_3377.0,0.0
cat__user_cityid_3380.0,0.0
cat__user_cityid_3381.0,0.0
cat__user_cityid_3382.0,0.0
cat__user_cityid_3385.0,0.0
cat__user_cityid_3388.0,0.0
cat__user_cityid_3391.0,0.0
cat__user_cityid_3393.0,0.0
cat__user_cityid_3395.0,0.0
cat__user_cityid_3400.0,0.0
cat__user_cityid_3401.0,0.0
cat__user_cityid_3403.0,0.0
cat__user_cityid_3404.0,0.0
cat__user_cityid_3405.0,0.0
cat__user_cityid_3407.0,0.0
cat__user_cityid_3408.0,0.0
cat__user_cityid_3411.0,0.0
cat__user_cityid_3412.0,0.0
cat__user_cityid_3413.0,0.0
cat__user_cityid_3415.0,0.0
cat__user_cityid_3417.0,0.0
cat__user_cityid_3419.0,0.0
cat__user_cityid_3422.0,0.0
cat__user_cityid_3423.0,0.0
cat__user_cityid_3424.0,0.0
cat__user_cityid_3428.0,0.0
cat__user_cityid_3429.0,0.0
cat__user_cityid_3430.0,0.0
cat__user_cityid_3431.0,0.0
cat__user_cityid_3432.0,0.0
cat__user_cityid_3434.0,0.0
cat__user_cityid_3436.0,0.0
cat__user_cityid_3437.0,0.0
cat__user_cityid_3442.0,0.0
cat__user_cityid_3443.0,0.0
cat__user_cityid_3444.0,0.0
cat__user_cityid_3445.0,0.0
cat__user_cityid_3446.0,0.0
cat__user_cityid_3447.0,0.0
cat__user_cityid_3448.0,0.0
cat__user_cityid_3449.0,0.0
cat__user_cityid_3450.0,0.0
cat__user_cityid_3451.0,0.0
cat__user_cityid_3452.0,0.0
cat__user_cityid_3454.0,0.0
cat__user_cityid_3455.0,0.0
cat__user_cityid_3456.0,0.0
cat__user_cityid_3457.0,0.0
cat__user_cityid_3458.0,0.0
cat__user_cityid_3459.0,0.0
cat__user_cityid_3460.0,0.0
cat__user_cityid_3461.0,0.0
cat__user_cityid_3464.0,0.0
cat__user_cityid_3466.0,0.0
cat__user_cityid_3469.0,0.0
cat__user_cityid_3471.0,0.0
cat__user_cityid_3472.0,0.0
cat__user_cityid_3473.0,0.0
cat__user_cityid_3474.0,0.0
cat__user_cityid_3475.0,0.0
cat__user_cityid_3477.0,0.0
cat__user_cityid_3478.0,0.0
cat__user_cityid_3484.0,0.0
cat__user_cityid_3485.0,0.0
cat__user_cityid_3487.0,0.0
cat__user_cityid_3489.0,0.0
cat__user_cityid_3490.0,0.0
cat__user_cityid_3491.0,0.0
cat__user_cityid_3492.0,0.0
cat__user_cityid_3494.0,0.0
cat__user_cityid_3496.0,0.0
cat__user_cityid_3498.0,0.0
cat__user_cityid_3499.0,0.0
cat__user_cityid_3500.0,0.0
cat__user_cityid_3501.0,0.0
cat__user_cityid_3502.0,0.0
cat__user_cityid_3503.0,0.0
cat__user_cityid_3504.0,0.0
cat__user_cityid_3505.0,0.0
cat__user_cityid_3506.0,0.0
cat__user_cityid_3507.0,0.0
cat__user_cityid_3509.0,0.0
cat__user_cityid_3514.0,0.0
cat__user_cityid_3517.0,0.0
cat__user_cityid_3518.0,0.0
cat__user_cityid_3524.0,0.0
cat__user_cityid_3529.0,0.0
cat__user_cityid_3531.0,0.0
cat__user_cityid_3533.0,0.0
cat__user_cityid_3536.0,0.0
cat__user_cityid_3538.0,0.0
cat__user_cityid_3542.0,0.0
cat__user_cityid_3544.0,0.0
cat__user_cityid_3545.0,0.0
cat__user_cityid_3546.0,0.0
cat__user_cityid_3547.0,0.0
cat__user_cityid_3548.0,0.0
cat__user_cityid_3549.0,0.0
cat__user_cityid_3551.0,0.0
cat__user_cityid_3552.0,0.0
cat__user_cityid_3553.0,0.0
cat__user_cityid_3555.0,0.0
cat__user_cityid_3556.0,0.0
cat__user_cityid_3557.0,0.0
cat__user_cityid_3559.0,0.0
cat__user_cityid_3560.0,0.0
cat__user_cityid_3563.0,0.0
cat__user_cityid_3564.0,0.0
cat__user_cityid_3565.0,0.0
cat__user_cityid_3566.0,0.0
cat__user_cityid_3567.0,0.0
cat__user_cityid_3571.0,0.0
cat__user_cityid_3572.0,0.0
cat__user_cityid_3573.0,0.0
cat__user_cityid_3574.0,0.0
cat__user_cityid_3575.0,0.0
cat__user_cityid_3577.0,0.0
cat__user_cityid_3578.0,0.0
cat__user_cityid_3579.0,0.0
cat__user_cityid_3581.0,0.0
cat__user_cityid_3583.0,0.0
cat__user_cityid_3586.0,0.0
cat__user_cityid_3587.0,0.0
cat__user_cityid_3588.0,0.0
cat__user_cityid_3590.0,0.0
cat__user_cityid_3593.0,0.0
cat__user_cityid_3595.0,0.0
cat__user_cityid_3597.0,0.0
cat__user_cityid_3600.0,0.0
cat__user_cityid_3602.0,0.0
cat__user_cityid_3604.0,0.0
cat__user_cityid_3605.0,0.0
cat__user_cityid_3607.0,0.0
cat__user_cityid_3609.0,0.0
cat__user_cityid_3610.0,0.0
cat__user_cityid_3611.0,0.0
cat__user_cityid_3612.0,0.0
cat__user_cityid_3614.0,0.0
cat__user_cityid_3618.0,0.0
cat__user_cityid_3619.0,0.0
cat__user_cityid_3620.0,0.0
cat__user_cityid_3627.0,0.0
cat__user_cityid_3628.0,0.0
cat__user_cityid_3629.0,0.0
cat__user_cityid_3631.0,0.0
cat__user_cityid_3632.0,0.0
cat__user_cityid_3633.0,0.0
cat__user_cityid_3638.0,0.0
cat__user_cityid_3640.0,0.0
cat__user_cityid_3643.0,0.0
cat__user_cityid_3644.0,0.0
cat__user_cityid_3645.0,0.0
cat__user_cityid_3646.0,0.0
cat__user_cityid_3647.0,0.0
cat__user_cityid_3649.0,0.0
cat__user_cityid_3651.0,0.0
cat__user_cityid_3652.0,0.0
cat__user_cityid_3653.0,0.0
cat__user_cityid_3656.0,0.0
cat__user_cityid_3657.0,0.0
cat__user_cityid_3658.0,0.0
cat__user_cityid_3659.0,0.0
cat__user_cityid_3661.0,0.0
cat__user_cityid_3662.0,0.0
cat__user_cityid_3663.0,0.0
cat__user_cityid_3666.0,0.0
cat__user_cityid_3667.0,0.0
cat__user_cityid_3668.0,0.0
cat__user_cityid_3669.0,0.0
cat__user_cityid_3671.0,0.0
cat__user_cityid_3674.0,0.0
cat__user_cityid_3676.0,0.0
cat__user_cityid_3677.0,0.0
cat__user_cityid_3678.0,0.0
cat__user_cityid_3681.0,0.0
cat__user_cityid_3682.0,0.0
cat__user_cityid_3683.0,0.0
cat__user_cityid_3684.0,0.0
cat__user_cityid_3687.0,0.0
cat__user_cityid_3688.0,0.0
cat__user_cityid_3689.0,0.0
cat__user_cityid_3690.0,0.0
cat__user_cityid_3693.0,0.0
cat__user_cityid_3694.0,0.0
cat__user_cityid_3696.0,0.0
cat__user_cityid_3699.0,0.0
cat__user_cityid_3700.0,0.0
cat__user_cityid_3702.0,0.0
cat__user_cityid_3703.0,0.0
cat__user_cityid_3705.0,0.0
cat__user_cityid_3707.0,0.0
cat__user_cityid_3708.0,0.0
cat__user_cityid_3709.0,0.0
cat__user_cityid_3710.0,0.0
cat__user_cityid_3712.0,0.0
cat__user_cityid_3713.0,0.0
cat__user_cityid_3714.0,0.0
cat__user_cityid_3715.0,0.0
cat__user_cityid_3716.0,0.0
cat__user_cityid_3717.0,0.0
cat__user_cityid_3719.0,0.0
cat__user_cityid_3723.0,0.0
cat__user_cityid_3724.0,0.0
cat__user_cityid_3725.0,0.0
cat__user_cityid_3726.0,0.0
cat__user_cityid_3727.0,0.0
cat__user_cityid_3728.0,0.0
cat__user_cityid_3729.0,0.0
cat__user_cityid_3730.0,0.0
cat__user_cityid_3731.0,0.0
cat__user_cityid_3732.0,0.0
cat__user_cityid_3733.0,0.0
cat__user_cityid_3735.0,0.0
cat__user_cityid_3737.0,0.0
cat__user_cityid_3738.0,0.0
cat__user_cityid_3740.0,0.0
cat__user_cityid_3742.0,0.0
cat__user_cityid_3743.0,0.0
cat__user_cityid_3747.0,0.0
cat__user_cityid_3748.0,0.0
cat__user_cityid_3749.0,0.0
cat__user_cityid_3750.0,0.0
cat__user_cityid_3751.0,0.0
cat__user_cityid_3752.0,0.0
cat__user_cityid_3753.0,0.0
cat__user_cityid_3754.0,0.0
cat__user_cityid_3755.0,0.0
cat__user_cityid_3756.0,0.0
cat__user_cityid_3759.0,0.0
cat__user_cityid_3760.0,0.0
cat__user_cityid_3761.0,0.0
cat__user_cityid_3762.0,0.0
cat__user_cityid_3763.0,0.0
cat__user_cityid_3764.0,0.0
cat__user_cityid_3765.0,0.0
cat__user_cityid_3766.0,0.0
cat__user_cityid_3768.0,0.0
cat__user_cityid_3770.0,0.0
cat__user_cityid_3772.0,0.0
cat__user_cityid_3773.0,0.0
cat__user_cityid_3774.0,0.0
cat__user_cityid_3776.0,0.0
cat__user_cityid_3778.0,0.0
cat__user_cityid_3783.0,0.0
cat__user_cityid_3784.0,0.0
cat__user_cityid_3785.0,0.0
cat__user_cityid_3788.0,0.0
cat__user_cityid_3789.0,0.0
cat__user_cityid_3790.0,0.0
cat__user_cityid_3791.0,0.0
cat__user_cityid_3792.0,0.0
cat__user_cityid_3794.0,0.0
cat__user_cityid_3795.0,0.0
cat__user_cityid_3801.0,0.0
cat__user_cityid_3802.0,0.0
cat__user_cityid_3803.0,0.0
cat__user_cityid_3804.0,0.0
cat__user_cityid_3805.0,0.0
cat__user_cityid_3807.0,0.0
cat__user_cityid_3809.0,0.0
cat__user_cityid_3810.0,0.0
cat__user_cityid_3811.0,0.0
cat__user_cityid_3812.0,0.0
cat__user_cityid_3813.0,0.0
cat__user_cityid_3820.0,0.0
cat__user_cityid_3821.0,0.0
cat__user_cityid_3823.0,0.0
cat__user_cityid_3825.0,0.0
cat__user_cityid_3826.0,0.0
cat__user_cityid_3828.0,0.0
cat__user_cityid_3829.0,0.0
cat__user_cityid_3831.0,0.0
cat__user_cityid_3832.0,0.0
cat__user_cityid_3833.0,0.0
cat__user_cityid_3834.0,0.0
cat__user_cityid_3835.0,0.0
cat__user_cityid_3839.0,0.0
cat__user_cityid_3840.0,0.0
cat__user_cityid_3843.0,0.0
cat__user_cityid_3844.0,0.0
cat__user_cityid_3845.0,0.0
cat__user_cityid_3847.0,0.0
cat__user_cityid_3848.0,0.0
cat__user_cityid_3849.0,0.0
cat__user_cityid_3850.0,0.0
cat__user_cityid_3852.0,0.0
cat__user_cityid_3853.0,0.0
cat__user_cityid_3854.0,0.0
cat__user_cityid_3862.0,0.0
cat__user_cityid_3863.0,0.0
cat__user_cityid_3865.0,0.0
cat__user_cityid_3866.0,0.0
cat__user_cityid_3867.0,0.0
cat__user_cityid_3868.0,0.0
cat__user_cityid_3869.0,0.0
cat__user_cityid_3874.0,0.0
cat__user_cityid_3876.0,0.0
cat__user_cityid_3879.0,0.0
cat__user_cityid_3881.0,0.0
cat__user_cityid_3882.0,0.0
cat__user_cityid_3883.0,0.0
cat__user_cityid_3884.0,0.0
cat__user_cityid_3886.0,0.0
cat__user_cityid_3889.0,0.0
cat__user_cityid_3891.0,0.0
cat__user_cityid_3893.0,0.0
cat__user_cityid_3895.0,0.0
cat__user_cityid_3897.0,0.0
cat__user_cityid_3898.0,0.0
cat__user_cityid_3899.0,0.0
cat__user_cityid_3901.0,0.0
cat__user_cityid_3906.0,0.0
cat__user_cityid_3908.0,0.0
cat__user_cityid_3910.0,0.0
cat__user_cityid_3913.0,0.0
cat__user_cityid_3915.0,0.0
cat__user_cityid_3916.0,0.0
cat__user_cityid_3919.0,0.0
cat__user_cityid_3920.0,0.0
cat__user_cityid_3922.0,0.0
cat__user_cityid_3924.0,0.0
cat__user_cityid_3925.0,0.0
cat__user_cityid_3927.0,0.0
cat__user_cityid_3928.0,0.0
cat__user_cityid_3930.0,0.0
cat__user_cityid_3931.0,0.0
cat__user_cityid_3933.0,0.0
cat__user_cityid_3937.0,0.0
cat__user_cityid_3940.0,0.0
cat__user_cityid_3941.0,0.0
cat__user_cityid_3943.0,0.0
cat__user_cityid_3944.0,0.0
cat__user_cityid_3945.0,0.0
cat__user_cityid_3947.0,0.0
cat__user_cityid_3949.0,0.0
cat__user_cityid_3950.0,0.0
cat__user_cityid_3952.0,0.0
cat__user_cityid_3953.0,0.0
cat__user_cityid_3956.0,0.0
cat__user_cityid_3957.0,0.0
cat__user_cityid_3958.0,0.0
cat__user_cityid_3959.0,0.0
cat__user_cityid_3960.0,0.0
cat__user_cityid_3961.0,0.0
cat__user_cityid_3962.0,0.0
cat__user_cityid_3965.0,0.0
cat__user_cityid_3967.0,0.0
cat__user_cityid_3968.0,0.0
cat__user_cityid_3969.0,0.0
cat__user_cityid_3970.0,0.0
cat__user_cityid_3972.0,0.0
cat__user_cityid_3973.0,0.0
cat__user_cityid_3974.0,0.0
cat__user_cityid_3976.0,0.0
cat__user_cityid_3977.0,0.0
cat__user_cityid_3979.0,0.0
cat__user_cityid_3980.0,0.0
cat__user_cityid_3981.0,0.0
cat__user_cityid_3982.0,0.0
cat__user_cityid_3983.0,0.0
cat__user_cityid_3984.0,0.0
cat__user_cityid_3985.0,0.0
cat__user_cityid_3986.0,0.0
cat__user_cityid_3987.0,0.0
cat__user_cityid_3988.0,0.0
cat__user_cityid_3989.0,0.0
cat__user_cityid_3990.0,0.0
cat__user_cityid_3991.0,0.0
cat__user_cityid_3993.0,0.0
cat__user_cityid_3994.0,0.0
cat__user_cityid_3996.0,0.0
cat__user_cityid_4000.0,0.0
cat__user_cityid_4004.0,0.0
cat__user_cityid_4008.0,0.0
cat__user_cityid_4011.0,0.0
cat__user_cityid_4014.0,0.0
cat__user_cityid_4015.0,0.0
cat__user_cityid_4017.0,0.0
cat__user_cityid_4019.0,0.0
cat__user_cityid_4020.0,0.0
cat__user_cityid_4022.0,0.0
cat__user_cityid_4023.0,0.0
cat__user_cityid_4024.0,0.0
cat__user_cityid_4027.0,0.0
cat__user_cityid_4028.0,0.0
cat__user_cityid_4031.0,0.0
cat__user_cityid_4037.0,0.0
cat__user_cityid_4038.0,0.0
cat__user_cityid_4040.0,0.0
cat__user_cityid_4042.0,0.0
cat__user_cityid_4043.0,0.0
cat__user_cityid_4045.0,0.0
cat__user_cityid_4046.0,0.0
cat__user_cityid_4048.0,0.0
cat__user_cityid_4049.0,0.0
cat__user_cityid_4050.0,0.0
cat__user_cityid_4055.0,0.0
cat__user_cityid_4057.0,0.0
cat__user_cityid_4059.0,0.0
cat__user_cityid_4061.0,0.0
cat__user_cityid_4062.0,0.0
cat__user_cityid_4063.0,0.0
cat__user_cityid_4065.0,0.0
cat__user_cityid_4067.0,0.0
cat__user_cityid_4068.0,0.0
cat__user_cityid_4069.0,0.0
cat__user_cityid_4070.0,0.0
cat__user_cityid_4072.0,0.0
cat__user_cityid_4074.0,0.0
cat__user_cityid_4075.0,0.0
cat__user_cityid_4078.0,0.0
cat__user_cityid_4081.0,0.0
cat__user_cityid_4082.0,0.0
cat__user_cityid_4084.0,0.0
cat__user_cityid_4085.0,0.0
cat__user_cityid_4087.0,0.0
cat__user_cityid_4088.0,0.0
cat__user_cityid_4090.0,0.0
cat__user_cityid_4092.0,0.0
cat__user_cityid_4093.0,0.0
cat__user_cityid_4096.0,0.0
cat__user_cityid_4099.0,0.0
cat__user_cityid_4100.0,0.0
cat__user_cityid_4101.0,0.0
cat__user_cityid_4103.0,0.0
cat__user_cityid_4104.0,0.0
cat__user_cityid_4105.0,0.0
cat__user_cityid_4106.0,0.0
cat__user_cityid_4107.0,0.0
cat__user_cityid_4108.0,0.0
cat__user_cityid_4109.0,0.0
cat__user_cityid_4110.0,0.0
cat__user_cityid_4112.0,0.0
cat__user_cityid_4114.0,0.0
cat__user_cityid_4115.0,0.0
cat__user_cityid_4116.0,0.0
cat__user_cityid_4117.0,0.0
cat__user_cityid_4118.0,0.0
cat__user_cityid_4121.0,0.0
cat__user_cityid_4122.0,0.0
cat__user_cityid_4125.0,0.0
cat__user_cityid_4127.0,0.0
cat__user_cityid_4131.0,0.0
cat__user_cityid_4132.0,0.0
cat__user_cityid_4136.0,0.0
cat__user_cityid_4137.0,0.0
cat__user_cityid_4141.0,0.0
cat__user_cityid_4142.0,0.0
cat__user_cityid_4143.0,0.0
cat__user_cityid_4145.0,0.0
cat__user_cityid_4149.0,0.0
cat__user_cityid_4150.0,0.0
cat__user_cityid_4151.0,0.0
cat__user_cityid_4152.0,0.0
cat__user_cityid_4155.0,0.0
cat__user_cityid_4156.0,0.0
cat__user_cityid_4159.0,0.0
cat__user_cityid_4161.0,0.0
cat__user_cityid_4162.0,0.0
cat__user_cityid_4164.0,0.0
cat__user_cityid_4165.0,0.0
cat__user_cityid_4166.0,0.0
cat__user_cityid_4170.0,0.0
cat__user_cityid_4173.0,0.0
cat__user_cityid_4174.0,0.0
cat__user_cityid_4175.0,0.0
cat__user_cityid_4176.0,0.0
cat__user_cityid_4179.0,0.0
cat__user_cityid_4180.0,0.0
cat__user_cityid_4181.0,0.0
cat__user_cityid_4183.0,0.0
cat__user_cityid_4185.0,0.0
cat__user_cityid_4186.0,0.0
cat__user_cityid_4188.0,0.0
cat__user_cityid_4194.0,0.0
cat__user_cityid_4195.0,0.0
cat__user_cityid_4196.0,0.0
cat__user_cityid_4197.0,0.0
cat__user_cityid_4198.0,0.0
cat__user_cityid_4199.0,0.0
cat__user_cityid_4203.0,0.0
cat__user_cityid_4209.0,0.0
cat__user_cityid_4210.0,0.0
cat__user_cityid_4211.0,0.0
cat__user_cityid_4212.0,0.0
cat__user_cityid_4213.0,0.0
cat__user_cityid_4214.0,0.0
cat__user_cityid_4218.0,0.0
cat__user_cityid_4221.0,0.0
cat__user_cityid_4223.0,0.0
cat__user_cityid_4225.0,0.0
cat__user_cityid_4226.0,0.0
cat__user_cityid_4228.0,0.0
cat__user_cityid_4231.0,0.0
cat__user_cityid_4232.0,0.0
cat__user_cityid_4238.0,0.0
cat__user_cityid_4239.0,0.0
cat__user_cityid_4242.0,0.0
cat__user_cityid_4244.0,0.0
cat__user_cityid_4245.0,0.0
cat__user_cityid_4246.0,0.0
cat__user_cityid_4247.0,0.0
cat__user_cityid_4251.0,0.0
cat__user_cityid_4252.0,0.0
cat__user_cityid_4253.0,0.0
cat__user_cityid_4254.0,0.0
cat__user_cityid_4258.0,0.0
cat__user_cityid_4260.0,0.0
cat__user_cityid_4262.0,0.0
cat__user_cityid_4264.0,0.0
cat__user_cityid_4266.0,0.0
cat__user_cityid_4268.0,0.0
cat__user_cityid_4269.0,0.0
cat__user_cityid_4271.0,0.0
cat__user_cityid_4272.0,0.0
cat__user_cityid_4273.0,0.0
cat__user_cityid_4274.0,0.0
cat__user_cityid_4277.0,0.0
cat__user_cityid_4281.0,0.0
cat__user_cityid_4282.0,0.0
cat__user_cityid_4283.0,0.0
cat__user_cityid_4286.0,0.0
cat__user_cityid_4287.0,0.0
cat__user_cityid_4289.0,0.0
cat__user_cityid_4291.0,0.0
cat__user_cityid_4292.0,0.0
cat__user_cityid_4293.0,0.0
cat__user_cityid_4294.0,0.0
cat__user_cityid_4295.0,0.0
cat__user_cityid_4301.0,0.0
cat__user_cityid_4303.0,0.0
cat__user_cityid_4304.0,0.0
cat__user_cityid_4305.0,0.0
cat__user_cityid_4306.0,0.0
cat__user_cityid_4307.0,0.0
cat__user_cityid_4309.0,0.0
cat__user_cityid_4310.0,0.0
cat__user_cityid_4311.0,0.0
cat__user_cityid_4312.0,0.0
cat__user_cityid_4313.0,0.0
cat__user_cityid_4316.0,0.0
cat__user_cityid_4317.0,0.0
cat__user_cityid_4318.0,0.0
cat__user_cityid_4320.0,0.0
cat__user_cityid_4321.0,0.0
cat__user_cityid_4325.0,0.0
cat__user_cityid_4326.0,0.0
cat__user_cityid_4328.0,0.0
cat__user_cityid_4329.0,0.0
cat__user_cityid_4330.0,0.0
cat__user_cityid_4331.0,0.0
cat__user_cityid_4332.0,0.0
cat__user_cityid_4333.0,0.0
cat__user_cityid_4334.0,0.0
cat__user_cityid_4335.0,0.0
cat__user_cityid_4336.0,0.0
cat__user_cityid_4337.0,0.0
cat__user_cityid_4338.0,0.0
cat__user_cityid_4339.0,0.0
cat__user_cityid_4340.0,0.0
cat__user_cityid_4341.0,0.0
cat__user_cityid_4342.0,0.0
cat__user_cityid_4344.0,0.0
cat__user_cityid_4345.0,0.0
cat__user_cityid_4347.0,0.0
cat__user_cityid_4349.0,0.0
cat__user_cityid_4351.0,0.0
cat__user_cityid_4352.0,0.0
cat__user_cityid_4353.0,0.0
cat__user_cityid_4354.0,0.0
cat__user_cityid_4356.0,0.0
cat__user_cityid_4358.0,0.0
cat__user_cityid_4359.0,0.0
cat__user_cityid_4365.0,0.0
cat__user_cityid_4366.0,0.0
cat__user_cityid_4367.0,0.0
cat__user_cityid_4368.0,0.0
cat__user_cityid_4370.0,0.0
cat__user_cityid_4372.0,0.0
cat__user_cityid_4374.0,0.0
cat__user_cityid_4375.0,0.0
cat__user_cityid_4376.0,0.0
cat__user_cityid_4378.0,0.0
cat__user_cityid_4379.0,0.0
cat__user_cityid_4381.0,0.0
cat__user_cityid_4382.0,0.0
cat__user_cityid_4384.0,0.0
cat__user_cityid_4385.0,0.0
cat__user_cityid_4386.0,0.0
cat__user_cityid_4389.0,0.0
cat__user_cityid_4395.0,0.0
cat__user_cityid_4398.0,0.0
cat__user_cityid_4399.0,0.0
cat__user_cityid_4402.0,0.0
cat__user_cityid_4403.0,0.0
cat__user_cityid_4404.0,0.0
cat__user_cityid_4405.0,0.0
cat__user_cityid_4406.0,0.0
cat__user_cityid_4409.0,0.0
cat__user_cityid_4411.0,0.0
cat__user_cityid_4413.0,0.0
cat__user_cityid_4418.0,0.0
cat__user_cityid_4419.0,0.0
cat__user_cityid_4421.0,0.0
cat__user_cityid_4422.0,0.0
cat__user_cityid_4425.0,0.0
cat__user_cityid_4427.0,0.0
cat__user_cityid_4428.0,0.0
cat__user_cityid_4432.0,0.0
cat__user_cityid_4433.0,0.0
cat__user_cityid_4434.0,0.0
cat__user_cityid_4436.0,0.0
cat__user_cityid_4437.0,0.0
cat__user_cityid_4438.0,0.0
cat__user_cityid_4439.0,0.0
cat__user_cityid_4440.0,0.0
cat__user_cityid_4442.0,0.0
cat__user_cityid_4443.0,0.0
cat__user_cityid_4444.0,0.0
cat__user_cityid_4447.0,0.0
cat__user_cityid_4448.0,0.0
cat__user_cityid_4449.0,0.0
cat__user_cityid_4451.0,0.0
cat__user_cityid_4452.0,0.0
cat__user_cityid_4454.0,0.0
cat__user_cityid_4455.0,0.0
cat__user_cityid_4456.0,0.0
cat__user_cityid_4457.0,0.0
cat__user_cityid_4459.0,0.0
cat__user_cityid_4460.0,0.0
cat__user_cityid_4462.0,0.0
cat__user_cityid_4463.0,0.0
cat__user_cityid_4467.0,0.0
cat__user_cityid_4469.0,0.0
cat__user_cityid_4472.0,0.0
cat__user_cityid_4473.0,0.0
cat__user_cityid_4476.0,0.0
cat__user_cityid_4477.0,0.0
cat__user_cityid_4478.0,0.0
cat__user_cityid_4479.0,0.0
cat__user_cityid_4484.0,0.0
cat__user_cityid_4485.0,0.0
cat__user_cityid_4487.0,0.0
cat__user_cityid_4488.0,0.0
cat__user_cityid_4489.0,0.0
cat__user_cityid_4490.0,0.0
cat__user_cityid_4493.0,0.0
cat__user_cityid_4495.0,0.0
cat__user_cityid_4496.0,0.0
cat__user_cityid_4497.0,0.0
cat__user_cityid_4498.0,0.0
cat__user_cityid_4499.0,0.0
cat__user_cityid_4500.0,0.0
cat__user_cityid_4501.0,0.0
cat__user_cityid_4502.0,0.0
cat__user_cityid_4503.0,0.0
cat__user_cityid_4504.0,0.0
cat__user_cityid_4506.0,0.0
cat__user_cityid_4507.0,0.0
cat__user_cityid_4511.0,0.0
cat__user_cityid_4512.0,0.0
cat__user_cityid_4518.0,0.0
cat__user_cityid_4519.0,0.0
cat__user_cityid_4520.0,0.0
cat__user_cityid_4523.0,0.0
cat__user_cityid_4525.0,0.0
cat__user_cityid_4527.0,0.0
cat__user_cityid_4528.0,0.0
cat__user_cityid_4529.0,0.0
cat__user_cityid_4530.0,0.0
cat__user_cityid_4532.0,0.0
cat__user_cityid_4533.0,0.0
cat__user_cityid_4535.0,0.0
cat__user_cityid_4536.0,0.0
cat__user_cityid_4538.0,0.0
cat__user_cityid_4540.0,0.0
cat__user_cityid_4541.0,0.0
cat__user_cityid_4542.0,0.0
cat__user_cityid_4543.0,0.0
cat__user_cityid_4545.0,0.0
cat__user_cityid_4547.0,0.0
cat__user_cityid_4548.0,0.0
cat__user_cityid_4551.0,0.0
cat__user_cityid_4552.0,0.0
cat__user_cityid_4556.0,0.0
cat__user_cityid_4557.0,0.0
cat__user_cityid_4558.0,0.0
cat__user_cityid_4559.0,0.0
cat__user_cityid_4560.0,0.0
cat__user_cityid_4561.0,0.0
cat__user_cityid_4562.0,0.0
cat__user_cityid_4563.0,0.0
cat__user_cityid_4564.0,0.0
cat__user_cityid_4565.0,0.0
cat__user_cityid_4567.0,0.0
cat__user_cityid_4568.0,0.0
cat__user_cityid_4569.0,0.0
cat__user_cityid_4570.0,0.0
cat__user_cityid_4571.0,0.0
cat__user_cityid_4573.0,0.0
cat__user_cityid_4574.0,0.0
cat__user_cityid_4575.0,0.0
cat__user_cityid_4576.0,0.0
cat__user_cityid_4577.0,0.0
cat__user_cityid_4579.0,0.0
cat__user_cityid_4581.0,0.0
cat__user_cityid_4583.0,0.0
cat__user_cityid_4584.0,0.0
cat__user_cityid_4585.0,0.0
cat__user_cityid_4588.0,0.0
cat__user_cityid_4591.0,0.0
cat__user_cityid_4592.0,0.0
cat__user_cityid_4594.0,0.0
cat__user_cityid_4595.0,0.0
cat__user_cityid_4597.0,0.0
cat__user_cityid_4599.0,0.0
cat__user_cityid_4602.0,0.0
cat__user_cityid_4604.0,0.0
cat__user_cityid_4605.0,0.0
cat__user_cityid_4606.0,0.0
cat__user_cityid_4607.0,0.0
cat__user_cityid_4608.0,0.0
cat__user_cityid_4609.0,0.0
cat__user_cityid_4610.0,0.0
cat__user_cityid_4613.0,0.0
cat__user_cityid_4614.0,0.0
cat__user_cityid_4615.0,0.0
cat__user_cityid_4616.0,0.0
cat__user_cityid_4617.0,0.0
cat__user_cityid_4618.0,0.0
cat__user_cityid_4619.0,0.0
cat__user_cityid_4622.0,0.0
cat__user_cityid_4623.0,0.0
cat__user_cityid_4625.0,0.0
cat__user_cityid_4627.0,0.0
cat__user_cityid_4629.0,0.0
cat__user_cityid_4630.0,0.0
cat__user_cityid_4632.0,0.0
cat__user_cityid_4637.0,0.0
cat__user_cityid_4638.0,0.0
cat__user_cityid_4639.0,0.0
cat__user_cityid_4640.0,0.0
cat__user_cityid_4641.0,0.0
cat__user_cityid_4642.0,0.0
cat__user_cityid_4645.0,0.0
cat__user_cityid_4646.0,0.0
cat__user_cityid_4647.0,0.0
cat__user_cityid_4648.0,0.0
cat__user_cityid_4649.0,0.0
cat__user_cityid_4651.0,0.0
cat__user_cityid_4653.0,0.0
cat__user_cityid_4654.0,0.0
cat__user_cityid_4656.0,0.0
cat__user_cityid_4657.0,0.0
cat__user_cityid_4658.0,0.0
cat__user_cityid_4668.0,0.0
cat__user_cityid_4670.0,0.0
cat__user_cityid_4672.0,0.0
cat__user_cityid_4673.0,0.0
cat__user_cityid_4674.0,0.0
cat__user_cityid_4676.0,0.0
cat__user_cityid_4678.0,0.0
cat__user_cityid_4680.0,0.0
cat__user_cityid_4681.0,0.0
cat__user_cityid_4682.0,0.0
cat__user_cityid_4685.0,0.0
cat__user_cityid_4686.0,0.0
cat__user_cityid_4691.0,0.0
cat__user_cityid_4696.0,0.0
cat__user_cityid_4697.0,0.0
cat__user_cityid_4700.0,0.0
cat__user_cityid_4701.0,0.0
cat__user_cityid_4705.0,0.0
cat__user_cityid_4706.0,0.0
cat__user_cityid_4707.0,0.0
cat__user_cityid_4708.0,0.0
cat__user_cityid_4709.0,0.0
cat__user_cityid_4710.0,0.0
cat__user_cityid_4711.0,0.0
cat__user_cityid_4712.0,0.0
cat__user_cityid_4713.0,0.0
cat__user_cityid_4714.0,0.0
cat__user_cityid_4715.0,0.0
cat__user_cityid_4718.0,0.0
cat__user_cityid_4719.0,0.0
cat__user_cityid_4720.0,0.0
cat__user_cityid_4723.0,0.0
cat__user_cityid_4724.0,0.0
cat__user_cityid_4726.0,0.0
cat__user_cityid_4727.0,0.0
cat__user_cityid_4730.0,0.0
cat__user_cityid_4732.0,0.0
cat__user_cityid_4733.0,0.0
cat__user_cityid_4734.0,0.0
cat__user_cityid_4735.0,0.0
cat__user_cityid_4736.0,0.0
cat__user_cityid_4737.0,0.0
cat__user_cityid_4738.0,0.0
cat__user_cityid_4739.0,0.0
cat__user_cityid_4740.0,0.0
cat__user_cityid_4741.0,0.0
cat__user_cityid_4742.0,0.0
cat__user_cityid_4745.0,0.0
cat__user_cityid_4746.0,0.0
cat__user_cityid_4747.0,0.0
cat__user_cityid_4750.0,0.0
cat__user_cityid_4751.0,0.0
cat__user_cityid_4753.0,0.0
cat__user_cityid_4754.0,0.0
cat__user_cityid_4756.0,0.0
cat__user_cityid_4760.0,0.0
cat__user_cityid_4761.0,0.0
cat__user_cityid_4762.0,0.0
cat__user_cityid_4764.0,0.0
cat__user_cityid_4768.0,0.0
cat__user_cityid_4770.0,0.0
cat__user_cityid_4772.0,0.0
cat__user_cityid_4773.0,0.0
cat__user_cityid_4774.0,0.0
cat__user_cityid_4776.0,0.0
cat__user_cityid_4777.0,0.0
cat__user_cityid_4780.0,0.0
cat__user_cityid_4781.0,0.0
cat__user_cityid_4784.0,0.0
cat__user_cityid_4786.0,0.0
cat__user_cityid_4794.0,0.0
cat__user_cityid_4795.0,0.0
cat__user_cityid_4796.0,0.0
cat__user_cityid_4797.0,0.0
cat__user_cityid_4799.0,0.0
cat__user_cityid_4801.0,0.0
cat__user_cityid_4802.0,0.0
cat__user_cityid_4804.0,0.0
cat__user_cityid_4805.0,0.0
cat__user_cityid_4807.0,0.0
cat__user_cityid_4808.0,0.0
cat__user_cityid_4811.0,0.0
cat__user_cityid_4812.0,0.0
cat__user_cityid_4813.0,0.0
cat__user_cityid_4814.0,0.0
cat__user_cityid_4815.0,0.0
cat__user_cityid_4816.0,0.0
cat__user_cityid_4817.0,0.0
cat__user_cityid_4818.0,0.0
cat__user_cityid_4819.0,0.0
cat__user_cityid_4821.0,0.0
cat__user_cityid_4823.0,0.0
cat__user_cityid_4827.0,0.0
cat__user_cityid_4828.0,0.0
cat__user_cityid_4829.0,0.0
cat__user_cityid_4830.0,0.0
cat__user_cityid_4831.0,0.0
cat__user_cityid_4832.0,0.0
cat__user_cityid_4833.0,0.0
cat__user_cityid_4835.0,0.0
cat__user_cityid_4836.0,0.0
cat__user_cityid_4837.0,0.0
cat__user_cityid_4839.0,0.0
cat__user_cityid_4847.0,0.0
cat__user_cityid_4848.0,0.0
cat__user_cityid_4849.0,0.0
cat__user_cityid_4850.0,0.0
cat__user_cityid_4853.0,0.0
cat__user_cityid_4855.0,0.0
cat__user_cityid_4856.0,0.0
cat__user_cityid_4858.0,0.0
cat__user_cityid_4861.0,0.0
cat__user_cityid_4865.0,0.0
cat__user_cityid_4867.0,0.0
cat__user_cityid_4868.0,0.0
cat__user_cityid_4870.0,0.0
cat__user_cityid_4872.0,0.0
cat__user_cityid_4873.0,0.0
cat__user_cityid_4874.0,0.0
cat__user_cityid_4875.0,0.0
cat__user_cityid_4876.0,0.0
cat__user_cityid_4877.0,0.0
cat__user_cityid_4879.0,0.0
cat__user_cityid_4880.0,0.0
cat__user_cityid_4881.0,0.0
cat__user_cityid_4882.0,0.0
cat__user_cityid_4883.0,0.0
cat__user_cityid_4884.0,0.0
cat__user_cityid_4891.0,0.0
cat__user_cityid_4893.0,0.0
cat__user_cityid_4896.0,0.0
cat__user_cityid_4897.0,0.0
cat__user_cityid_4898.0,0.0
cat__user_cityid_4899.0,0.0
cat__user_cityid_4900.0,0.0
cat__user_cityid_4902.0,0.0
cat__user_cityid_4904.0,0.0
cat__user_cityid_4907.0,0.0
cat__user_cityid_4908.0,0.0
cat__user_cityid_4910.0,0.0
cat__user_cityid_4912.0,0.0
cat__user_cityid_4913.0,0.0
cat__user_cityid_4914.0,0.0
cat__user_cityid_4916.0,0.0
cat__user_cityid_4917.0,0.0
cat__user_cityid_4918.0,0.0
cat__user_cityid_4921.0,0.0
cat__user_cityid_4922.0,0.0
cat__user_cityid_4923.0,0.0
cat__user_cityid_4924.0,0.0
cat__user_cityid_4925.0,0.0
cat__user_cityid_4926.0,0.0
cat__user_cityid_4928.0,0.0
cat__user_cityid_4930.0,0.0
cat__user_cityid_4933.0,0.0
cat__user_cityid_4934.0,0.0
cat__user_cityid_4935.0,0.0
cat__user_cityid_4938.0,0.0
cat__user_cityid_4939.0,0.0
cat__user_cityid_4940.0,0.0
cat__user_cityid_4943.0,0.0
cat__user_cityid_4945.0,0.0
cat__user_cityid_4947.0,0.0
cat__user_cityid_4949.0,0.0
cat__user_cityid_4953.0,0.0
cat__user_cityid_4954.0,0.0
cat__user_cityid_4956.0,0.0
cat__user_cityid_4958.0,0.0
cat__user_cityid_4959.0,0.0
cat__user_cityid_4960.0,0.0
cat__user_cityid_4964.0,0.0
cat__user_cityid_4965.0,0.0
cat__user_cityid_4966.0,0.0
cat__user_cityid_4967.0,0.0
cat__user_cityid_4968.0,0.0
cat__user_cityid_4972.0,0.0
cat__user_cityid_4974.0,0.0
cat__user_cityid_4975.0,0.0
cat__user_cityid_4976.0,0.0
cat__user_cityid_4977.0,0.0
cat__user_cityid_4978.0,0.0
cat__user_cityid_4980.0,0.0
cat__user_cityid_4981.0,0.0
cat__user_cityid_4983.0,0.0
cat__user_cityid_4986.0,0.0
cat__user_cityid_4987.0,0.0
cat__user_cityid_4988.0,0.0
cat__user_cityid_4990.0,0.0
cat__user_cityid_4991.0,0.0
cat__user_cityid_4994.0,0.0
cat__user_cityid_4997.0,0.0
cat__user_cityid_4999.0,0.0
cat__user_cityid_5001.0,0.0
cat__user_cityid_5003.0,0.0
cat__user_cityid_5005.0,0.0
cat__user_cityid_5007.0,0.0
cat__user_cityid_5008.0,0.0
cat__user_cityid_5009.0,0.0
cat__user_cityid_5010.0,0.0
cat__user_cityid_5011.0,0.0
cat__user_cityid_5013.0,0.0
cat__user_cityid_5014.0,0.0
cat__user_cityid_5015.0,0.0
cat__user_cityid_5016.0,0.0
cat__user_cityid_5017.0,0.0
cat__user_cityid_5019.0,0.0
cat__user_cityid_5020.0,0.0
cat__user_cityid_5021.0,0.0
cat__user_cityid_5022.0,0.0
cat__user_cityid_5023.0,0.0
cat__user_cityid_5024.0,0.0
cat__user_cityid_5027.0,0.0
cat__user_cityid_5028.0,0.0
cat__user_cityid_5030.0,0.0
cat__user_cityid_5031.0,0.0
cat__user_cityid_5032.0,0.0
cat__user_cityid_5033.0,0.0
cat__user_cityid_5036.0,0.0
cat__user_cityid_5037.0,0.0
cat__user_cityid_5038.0,0.0
cat__user_cityid_5039.0,0.0
cat__user_cityid_5041.0,0.0
cat__user_cityid_5042.0,0.0
cat__user_cityid_5043.0,0.0
cat__user_cityid_5045.0,0.0
cat__user_cityid_5046.0,0.0
cat__user_cityid_5048.0,0.0
cat__user_cityid_5051.0,0.0
cat__user_cityid_5054.0,0.0
cat__user_cityid_5055.0,0.0
cat__user_cityid_5056.0,0.0
cat__user_cityid_5057.0,0.0
cat__user_cityid_5058.0,0.0
cat__user_cityid_5059.0,0.0
cat__user_cityid_5062.0,0.0
cat__user_cityid_5067.0,0.0
cat__user_cityid_5070.0,0.0
cat__user_cityid_5071.0,0.0
cat__user_cityid_5072.0,0.0
cat__user_cityid_5074.0,0.0
cat__user_cityid_5075.0,0.0
cat__user_cityid_5077.0,0.0
cat__user_cityid_5079.0,0.0
cat__user_cityid_5081.0,0.0
cat__user_cityid_5082.0,0.0
cat__user_cityid_5084.0,0.0
cat__user_cityid_5088.0,0.0
cat__user_cityid_5091.0,0.0
cat__user_cityid_5094.0,0.0
cat__user_cityid_5095.0,0.0
cat__user_cityid_5096.0,0.0
cat__user_cityid_5097.0,0.0
cat__user_cityid_5098.0,0.0
cat__user_cityid_5099.0,0.0
cat__user_cityid_5100.0,0.0
cat__user_cityid_5102.0,0.0
cat__user_cityid_5104.0,0.0
cat__user_cityid_5106.0,0.0
cat__user_cityid_5108.0,0.0
cat__user_cityid_5109.0,0.0
cat__user_cityid_5110.0,0.0
cat__user_cityid_5111.0,0.0
cat__user_cityid_5112.0,0.0
cat__user_cityid_5113.0,0.0
cat__user_cityid_5117.0,0.0
cat__user_cityid_5118.0,0.0
cat__user_cityid_5119.0,0.0
cat__user_cityid_5121.0,0.0
cat__user_cityid_5122.0,0.0
cat__user_cityid_5124.0,0.0
cat__user_cityid_5125.0,0.0
cat__user_cityid_5126.0,0.0
cat__user_cityid_5127.0,0.0
cat__user_cityid_5128.0,0.0
cat__user_cityid_5129.0,0.0
cat__user_cityid_5130.0,0.0
cat__user_cityid_5131.0,0.0
cat__user_cityid_5133.0,0.0
cat__user_cityid_5134.0,0.0
cat__user_cityid_5135.0,0.0
cat__user_cityid_5137.0,0.0
cat__user_cityid_5142.0,0.0
cat__user_cityid_5144.0,0.0
cat__user_cityid_5145.0,0.0
cat__user_cityid_5146.0,0.0
cat__user_cityid_5147.0,0.0
cat__user_cityid_5148.0,0.0
cat__user_cityid_5150.0,0.0
cat__user_cityid_5152.0,0.0
cat__user_cityid_5153.0,0.0
cat__user_cityid_5154.0,0.0
cat__user_cityid_5158.0,0.0
cat__user_cityid_5160.0,0.0
cat__user_cityid_5162.0,0.0
cat__user_cityid_5167.0,0.0
cat__user_cityid_5168.0,0.0
cat__user_cityid_5170.0,0.0
cat__user_cityid_5174.0,0.0
cat__user_cityid_5176.0,0.0
cat__user_cityid_5178.0,0.0
cat__user_cityid_5180.0,0.0
cat__user_cityid_5181.0,0.0
cat__user_cityid_5182.0,0.0
cat__user_cityid_5183.0,0.0
cat__user_cityid_5187.0,0.0
cat__user_cityid_5189.0,0.0
cat__user_cityid_5192.0,0.0
cat__user_cityid_5196.0,0.0
cat__user_cityid_5197.0,0.0
cat__user_cityid_5199.0,0.0
cat__user_cityid_5203.0,0.0
cat__user_cityid_5206.0,0.0
cat__user_cityid_5209.0,0.0
cat__user_cityid_5211.0,0.0
cat__user_cityid_5212.0,0.0
cat__user_cityid_5213.0,0.0
cat__user_cityid_5214.0,0.0
cat__user_cityid_5215.0,0.0
cat__user_cityid_5216.0,0.0
cat__user_cityid_5218.0,0.0
cat__user_cityid_5219.0,0.0
cat__user_cityid_5220.0,0.0
cat__user_cityid_5221.0,0.0
cat__user_cityid_5223.0,0.0
cat__user_cityid_5224.0,0.0
cat__user_cityid_5226.0,0.0
cat__user_cityid_5227.0,0.0
cat__user_cityid_5230.0,0.0
cat__user_cityid_5232.0,0.0
cat__user_cityid_5233.0,0.0
cat__user_cityid_5235.0,0.0
cat__user_cityid_5237.0,0.0
cat__user_cityid_5238.0,0.0
cat__user_cityid_5239.0,0.0
cat__user_cityid_5240.0,0.0
cat__user_cityid_5242.0,0.0
cat__user_cityid_5243.0,0.0
cat__user_cityid_5245.0,0.0
cat__user_cityid_5248.0,0.0
cat__user_cityid_5250.0,0.0
cat__user_cityid_5251.0,0.0
cat__user_cityid_5254.0,0.0
cat__user_cityid_5255.0,0.0
cat__user_cityid_5256.0,0.0
cat__user_cityid_5258.0,0.0
cat__user_cityid_5259.0,0.0
cat__user_cityid_5261.0,0.0
cat__user_cityid_5264.0,0.0
cat__user_cityid_5266.0,0.0
cat__user_cityid_5267.0,0.0
cat__user_cityid_5268.0,0.0
cat__user_cityid_5272.0,0.0
cat__user_cityid_5274.0,0.0
cat__user_cityid_5278.0,0.0
cat__user_cityid_5279.0,0.0
cat__user_cityid_5280.0,0.0
cat__user_cityid_5283.0,0.0
cat__user_cityid_5286.0,0.0
cat__user_cityid_5287.0,0.0
cat__user_cityid_5288.0,0.0
cat__user_cityid_5291.0,0.0
cat__user_cityid_5294.0,0.0
cat__user_cityid_5296.0,0.0
cat__user_cityid_5303.0,0.0
cat__user_cityid_5304.0,0.0
cat__user_cityid_5306.0,0.0
cat__user_cityid_5309.0,0.0
cat__user_cityid_5311.0,0.0
cat__user_cityid_5314.0,0.0
cat__user_cityid_5315.0,0.0
cat__user_cityid_5316.0,0.0
cat__user_cityid_5318.0,0.0
cat__user_cityid_5319.0,0.0
cat__user_cityid_5320.0,0.0
cat__user_cityid_5321.0,0.0
cat__user_cityid_5322.0,0.0
cat__user_cityid_5323.0,0.0
cat__user_cityid_5324.0,0.0
cat__user_cityid_5325.0,0.0
cat__user_cityid_5327.0,0.0
cat__user_cityid_5328.0,0.0
cat__user_cityid_5329.0,0.0
cat__user_cityid_5331.0,0.0
cat__user_cityid_5333.0,0.0
cat__user_cityid_5334.0,0.0
cat__user_cityid_5335.0,0.0
cat__user_cityid_5336.0,0.0
cat__user_cityid_5340.0,0.0
cat__user_cityid_5343.0,0.0
cat__user_cityid_5345.0,0.0
cat__user_cityid_5346.0,0.0
cat__user_cityid_5348.0,0.0
cat__user_cityid_5349.0,0.0
cat__user_cityid_5352.0,0.0
cat__user_cityid_5356.0,0.0
cat__user_cityid_5357.0,0.0
cat__user_cityid_5358.0,0.0
cat__user_cityid_5361.0,0.0
cat__user_cityid_5363.0,0.0
cat__user_cityid_5364.0,0.0
cat__user_cityid_5365.0,0.0
cat__user_cityid_5368.0,0.0
cat__user_cityid_5369.0,0.0
cat__user_cityid_5372.0,0.0
cat__user_cityid_5373.0,0.0
cat__user_cityid_5374.0,0.0
cat__user_cityid_5376.0,0.0
cat__user_cityid_5377.0,0.0
cat__user_cityid_5378.0,0.0
cat__user_cityid_5379.0,0.0
cat__user_cityid_5380.0,0.0
cat__user_cityid_5381.0,0.0
cat__user_cityid_5382.0,0.0
cat__user_cityid_5389.0,0.0
cat__user_cityid_5392.0,0.0
cat__user_cityid_5395.0,0.0
cat__user_cityid_5397.0,0.0
cat__user_cityid_5399.0,0.0
cat__user_cityid_5400.0,0.0
cat__user_cityid_5402.0,0.0
cat__user_cityid_5405.0,0.0
cat__user_cityid_5409.0,0.0
cat__user_cityid_5410.0,0.0
cat__user_cityid_5412.0,0.0
cat__user_cityid_5413.0,0.0
cat__user_cityid_5414.0,0.0
cat__user_cityid_5416.0,0.0
cat__user_cityid_5417.0,0.0
cat__user_cityid_5418.0,0.0
cat__user_cityid_5419.0,0.0
cat__user_cityid_5420.0,0.0
cat__user_cityid_5422.0,0.0
cat__user_cityid_5424.0,0.0
cat__user_cityid_5426.0,0.0
cat__user_cityid_5427.0,0.0
cat__user_cityid_5429.0,0.0
cat__user_cityid_5433.0,0.0
cat__user_cityid_5437.0,0.0
cat__user_cityid_5438.0,0.0
cat__user_cityid_5439.0,0.0
cat__user_cityid_5440.0,0.0
cat__user_cityid_5443.0,0.0
cat__user_cityid_5445.0,0.0
cat__user_cityid_5448.0,0.0
cat__user_cityid_5449.0,0.0
cat__user_cityid_5451.0,0.0
cat__user_cityid_5452.0,0.0
cat__user_cityid_5457.0,0.0
cat__user_cityid_5458.0,0.0
cat__user_cityid_5459.0,0.0
cat__user_cityid_5462.0,0.0
cat__user_cityid_5463.0,0.0
cat__user_cityid_5464.0,0.0
cat__user_cityid_5465.0,0.0
cat__user_cityid_5466.0,0.0
cat__user_cityid_5469.0,0.0
cat__user_cityid_5470.0,0.0
cat__user_cityid_5473.0,0.0
cat__user_cityid_5474.0,0.0
cat__user_cityid_5476.0,0.0
cat__user_cityid_5477.0,0.0
cat__user_cityid_5479.0,0.0
cat__user_cityid_5484.0,0.0
cat__user_cityid_5485.0,0.0
cat__user_cityid_5486.0,0.0
cat__user_cityid_5487.0,0.0
cat__user_cityid_5488.0,0.0
cat__user_cityid_5489.0,0.0
cat__user_cityid_5493.0,0.0
cat__user_cityid_5495.0,0.0
cat__user_cityid_5496.0,0.0
cat__user_cityid_5497.0,0.0
cat__user_cityid_5498.0,0.0
cat__user_cityid_5499.0,0.0
cat__user_cityid_5503.0,0.0
cat__user_cityid_5505.0,0.0
cat__user_cityid_5506.0,0.0
cat__user_cityid_5508.0,0.0
cat__user_cityid_5509.0,0.0
cat__user_cityid_5512.0,0.0
cat__user_cityid_5513.0,0.0
cat__user_cityid_5516.0,0.0
cat__user_cityid_5517.0,0.0
cat__user_cityid_5518.0,0.0
cat__user_cityid_5520.0,0.0
cat__user_cityid_5522.0,0.0
cat__user_cityid_5524.0,0.0
cat__user_cityid_5527.0,0.0
cat__user_cityid_5529.0,0.0
cat__user_cityid_5530.0,0.0
cat__user_cityid_5531.0,0.0
cat__user_cityid_5532.0,0.0
cat__user_cityid_5533.0,0.0
cat__user_cityid_5535.0,0.0
cat__user_cityid_5536.0,0.0
cat__user_cityid_5537.0,0.0
cat__user_cityid_5539.0,0.0
cat__user_cityid_5540.0,0.0
cat__user_cityid_5541.0,0.0
cat__user_cityid_5544.0,0.0
cat__user_cityid_5546.0,0.0
cat__user_cityid_5550.0,0.0
cat__user_cityid_5552.0,0.0
cat__user_cityid_5553.0,0.0
cat__user_cityid_5555.0,0.0
cat__user_cityid_5556.0,0.0
cat__user_cityid_5558.0,0.0
cat__user_cityid_5560.0,0.0
cat__user_cityid_5563.0,0.0
cat__user_cityid_5565.0,0.0
cat__user_cityid_5566.0,0.0
cat__user_cityid_5570.0,0.0
cat__user_cityid_5572.0,0.0
cat__user_cityid_5575.0,0.0
cat__user_cityid_5578.0,0.0
cat__user_cityid_5579.0,0.0
cat__user_cityid_5580.0,0.0
cat__user_cityid_5582.0,0.0
cat__user_cityid_5584.0,0.0
cat__user_cityid_5585.0,0.0
cat__user_cityid_5586.0,0.0
cat__user_cityid_5589.0,0.0
cat__user_cityid_5590.0,0.0
cat__user_cityid_5591.0,0.0
cat__user_cityid_5592.0,0.0
cat__user_cityid_5593.0,0.0
cat__user_cityid_5594.0,0.0
cat__user_cityid_5596.0,0.0
cat__user_cityid_5597.0,0.0
cat__user_cityid_5598.0,0.0
cat__user_cityid_5599.0,0.0
cat__user_cityid_5600.0,0.0
cat__user_cityid_5601.0,0.0
cat__user_cityid_5604.0,0.0
cat__user_cityid_5605.0,0.0
cat__user_cityid_5606.0,0.0
cat__user_cityid_5610.0,0.0
cat__user_cityid_5612.0,0.0
cat__user_cityid_5613.0,0.0
cat__user_cityid_5614.0,0.0
cat__user_cityid_5615.0,0.0
cat__user_cityid_5617.0,0.0
cat__user_cityid_5620.0,0.0
cat__user_cityid_5621.0,0.0
cat__user_cityid_5622.0,0.0
cat__user_cityid_5626.0,0.0
cat__user_cityid_5628.0,0.0
cat__user_cityid_5630.0,0.0
cat__user_cityid_5631.0,0.0
cat__user_cityid_5632.0,0.0
cat__user_cityid_5636.0,0.0
cat__user_cityid_5637.0,0.0
cat__user_cityid_5638.0,0.0
cat__user_cityid_5639.0,0.0
cat__user_cityid_5640.0,0.0
cat__user_cityid_5642.0,0.0
cat__user_cityid_5643.0,0.0
cat__user_cityid_5647.0,0.0
cat__user_cityid_5648.0,0.0
cat__user_cityid_5650.0,0.0
cat__user_cityid_5651.0,0.0
cat__user_cityid_5652.0,0.0
cat__user_cityid_5657.0,0.0
cat__user_cityid_5658.0,0.0
cat__user_cityid_5661.0,0.0
cat__user_cityid_5662.0,0.0
cat__user_cityid_5663.0,0.0
cat__user_cityid_5665.0,0.0
cat__user_cityid_5666.0,0.0
cat__user_cityid_5668.0,0.0
cat__user_cityid_5669.0,0.0
cat__user_cityid_5671.0,0.0
cat__user_cityid_5673.0,0.0
cat__user_cityid_5674.0,0.0
cat__user_cityid_5675.0,0.0
cat__user_cityid_5677.0,0.0
cat__user_cityid_5679.0,0.0
cat__user_cityid_5680.0,0.0
cat__user_cityid_5681.0,0.0
cat__user_cityid_5684.0,0.0
cat__user_cityid_5685.0,0.0
cat__user_cityid_5686.0,0.0
cat__user_cityid_5688.0,0.0
cat__user_cityid_5690.0,0.0
cat__user_cityid_5691.0,0.0
cat__user_cityid_5698.0,0.0
cat__user_cityid_5699.0,0.0
cat__user_cityid_5700.0,0.0
cat__user_cityid_5702.0,0.0
cat__user_cityid_5703.0,0.0
cat__user_cityid_5708.0,0.0
cat__user_cityid_5709.0,0.0
cat__user_cityid_5712.0,0.0
cat__user_cityid_5714.0,0.0
cat__user_cityid_5717.0,0.0
cat__user_cityid_5726.0,0.0
cat__user_cityid_5728.0,0.0
cat__user_cityid_5730.0,0.0
cat__user_cityid_5731.0,0.0
cat__user_cityid_5732.0,0.0
cat__user_cityid_5733.0,0.0
cat__user_cityid_5735.0,0.0
cat__user_cityid_5740.0,0.0
cat__user_cityid_5741.0,0.0
cat__user_cityid_5742.0,0.0
cat__user_cityid_5743.0,0.0
cat__user_cityid_5744.0,0.0
cat__user_cityid_5745.0,0.0
cat__user_cityid_5746.0,0.0
cat__user_cityid_5748.0,0.0
cat__user_cityid_5750.0,0.0
cat__user_cityid_5752.0,0.0
cat__user_cityid_5753.0,0.0
cat__user_cityid_5754.0,0.0
cat__user_cityid_5755.0,0.0
cat__user_cityid_5756.0,0.0
cat__user_cityid_5760.0,0.0
cat__user_cityid_5767.0,0.0
cat__user_cityid_5769.0,0.0
cat__user_cityid_5771.0,0.0
cat__user_cityid_5773.0,0.0
cat__user_cityid_5779.0,0.0
cat__user_cityid_5780.0,0.0
cat__user_cityid_5781.0,0.0
cat__user_cityid_5782.0,0.0
cat__user_cityid_5784.0,0.0
cat__user_cityid_5786.0,0.0
cat__user_cityid_5788.0,0.0
cat__user_cityid_5789.0,0.0
cat__user_cityid_5792.0,0.0
cat__user_cityid_5794.0,0.0
cat__user_cityid_5795.0,0.0
cat__user_cityid_5796.0,0.0
cat__user_cityid_5799.0,0.0
cat__user_cityid_5800.0,0.0
cat__user_cityid_5802.0,0.0
cat__user_cityid_5803.0,0.0
cat__user_cityid_5806.0,0.0
cat__user_cityid_5807.0,0.0
cat__user_cityid_5808.0,0.0
cat__user_cityid_5812.0,0.0
cat__user_cityid_5814.0,0.0
cat__user_cityid_5815.0,0.0
cat__user_cityid_5816.0,0.0
cat__user_cityid_5817.0,0.0
cat__user_cityid_5819.0,0.0
cat__user_cityid_5820.0,0.0
cat__user_cityid_5823.0,0.0
cat__user_cityid_5824.0,0.0
cat__user_cityid_5828.0,0.0
cat__user_cityid_5829.0,0.0
cat__user_cityid_5830.0,0.0
cat__user_cityid_5831.0,0.0
cat__user_cityid_5832.0,0.0
cat__user_cityid_5833.0,0.0
cat__user_cityid_5834.0,0.0
cat__user_cityid_5836.0,0.0
cat__user_cityid_5838.0,0.0
cat__user_cityid_5840.0,0.0
cat__user_cityid_5842.0,0.0
cat__user_cityid_5847.0,0.0
cat__user_cityid_5849.0,0.0
cat__user_cityid_5850.0,0.0
cat__user_cityid_5852.0,0.0
cat__user_cityid_5856.0,0.0
cat__user_cityid_5859.0,0.0
cat__user_cityid_5860.0,0.0
cat__user_cityid_5861.0,0.0
cat__user_cityid_5864.0,0.0
cat__user_cityid_5866.0,0.0
cat__user_cityid_5869.0,0.0
cat__user_cityid_5870.0,0.0
cat__user_cityid_5871.0,0.0
cat__user_cityid_5872.0,0.0
cat__user_cityid_5873.0,0.0
cat__user_cityid_5875.0,0.0
cat__user_cityid_5882.0,0.0
cat__user_cityid_5883.0,0.0
cat__user_cityid_5885.0,0.0
cat__user_cityid_5886.0,0.0
cat__user_cityid_5888.0,0.0
cat__user_cityid_5891.0,0.0
cat__user_cityid_5892.0,0.0
cat__user_cityid_5894.0,0.0
cat__user_cityid_5897.0,0.0
cat__user_cityid_5908.0,0.0
cat__user_cityid_5909.0,0.0
cat__user_cityid_5911.0,0.0
cat__user_cityid_5913.0,0.0
cat__user_cityid_5914.0,0.0
cat__user_cityid_5915.0,0.0
cat__user_cityid_5916.0,0.0
cat__user_cityid_5917.0,0.0
cat__user_cityid_5918.0,0.0
cat__user_cityid_5921.0,0.0
cat__user_cityid_5923.0,0.0
cat__user_cityid_5925.0,0.0
cat__user_cityid_5927.0,0.0
cat__user_cityid_5928.0,0.0
cat__user_cityid_5931.0,0.0
cat__user_cityid_5934.0,0.0
cat__user_cityid_5937.0,0.0
cat__user_cityid_5943.0,0.0
cat__user_cityid_5944.0,0.0
cat__user_cityid_5946.0,0.0
cat__user_cityid_5951.0,0.0
cat__user_cityid_5954.0,0.0
cat__user_cityid_5957.0,0.0
cat__user_cityid_5960.0,0.0
cat__user_cityid_5962.0,0.0
cat__user_cityid_5963.0,0.0
cat__user_cityid_5964.0,0.0
cat__user_cityid_5966.0,0.0
cat__user_cityid_5967.0,0.0
cat__user_cityid_5969.0,0.0
cat__user_cityid_5971.0,0.0
cat__user_cityid_5972.0,0.0
cat__user_cityid_5981.0,0.0
cat__user_cityid_5985.0,0.0
cat__user_cityid_5986.0,0.0
cat__user_cityid_5988.0,0.0
cat__user_cityid_5990.0,0.0
cat__user_cityid_5993.0,0.0
cat__user_cityid_5995.0,0.0
cat__user_cityid_5996.0,0.0
cat__user_cityid_5997.0,0.0
cat__user_cityid_6000.0,0.0
cat__user_cityid_6001.0,0.0
cat__user_cityid_6002.0,0.0
cat__user_cityid_6003.0,0.0
cat__user_cityid_6005.0,0.0
cat__user_cityid_6006.0,0.0
cat__user_cityid_6009.0,0.0
cat__user_cityid_6010.0,0.0
cat__user_cityid_6015.0,0.0
cat__user_cityid_6018.0,0.0
cat__user_cityid_6020.0,0.0
cat__user_cityid_6021.0,0.0
cat__user_cityid_6029.0,0.0
cat__user_cityid_6030.0,0.0
cat__user_cityid_6034.0,0.0
cat__user_cityid_6035.0,0.0
cat__user_cityid_6036.0,0.0
cat__user_cityid_6037.0,0.0
cat__user_cityid_6039.0,0.0
cat__user_cityid_6040.0,0.0
cat__user_cityid_6043.0,0.0
cat__user_cityid_6046.0,0.0
cat__user_cityid_6047.0,0.0
cat__user_cityid_6048.0,0.0
cat__user_cityid_6050.0,0.0
cat__user_cityid_6054.0,0.0
cat__user_cityid_6055.0,0.0
cat__user_cityid_6057.0,0.0
cat__user_cityid_6060.0,0.0
cat__user_cityid_6061.0,0.0
cat__user_cityid_6062.0,0.0
cat__user_cityid_6065.0,0.0
cat__user_cityid_6066.0,0.0
cat__user_cityid_6068.0,0.0
cat__user_cityid_6071.0,0.0
cat__user_cityid_6073.0,0.0
cat__user_cityid_6074.0,0.0
cat__user_cityid_6075.0,0.0
cat__user_cityid_6076.0,0.0
cat__user_cityid_6078.0,0.0
cat__user_cityid_6079.0,0.0
cat__user_cityid_6080.0,0.0
cat__user_cityid_6082.0,0.0
cat__user_cityid_6086.0,0.0
cat__user_cityid_6087.0,0.0
cat__user_cityid_6091.0,0.0
cat__user_cityid_6092.0,0.0
cat__user_cityid_6093.0,0.0
cat__user_cityid_6094.0,0.0
cat__user_cityid_6095.0,0.0
cat__user_cityid_6098.0,0.0
cat__user_cityid_6099.0,0.0
cat__user_cityid_6100.0,0.0
cat__user_cityid_6101.0,0.0
cat__user_cityid_6104.0,0.0
cat__user_cityid_6107.0,0.0
cat__user_cityid_6108.0,0.0
cat__user_cityid_6110.0,0.0
cat__user_cityid_6114.0,0.0
cat__user_cityid_6115.0,0.0
cat__user_cityid_6117.0,0.0
cat__user_cityid_6120.0,0.0
cat__user_cityid_6121.0,0.0
cat__user_cityid_6123.0,0.0
cat__user_cityid_6124.0,0.0
cat__user_cityid_6126.0,0.0
cat__user_cityid_6128.0,0.0
cat__user_cityid_6129.0,0.0
cat__user_cityid_6131.0,0.0
cat__user_cityid_6132.0,0.0
cat__user_cityid_6135.0,0.0
cat__user_cityid_6136.0,0.0
cat__user_cityid_6137.0,0.0
cat__user_cityid_6139.0,0.0
cat__user_cityid_6140.0,0.0
cat__user_cityid_6141.0,0.0
cat__user_cityid_6142.0,0.0
cat__user_cityid_6143.0,0.0
cat__user_cityid_6144.0,0.0
cat__user_cityid_6146.0,0.0
cat__user_cityid_6149.0,0.0
cat__user_cityid_6151.0,0.0
cat__user_cityid_6153.0,0.0
cat__user_cityid_6154.0,0.0
cat__user_cityid_6155.0,0.0
cat__user_cityid_6156.0,0.0
cat__user_cityid_6157.0,0.0
cat__user_cityid_6158.0,0.0
cat__user_cityid_6160.0,0.0
cat__user_cityid_6161.0,0.0
cat__user_cityid_6163.0,0.0
cat__user_cityid_6164.0,0.0
cat__user_cityid_6165.0,0.0
cat__user_cityid_6167.0,0.0
cat__user_cityid_6168.0,0.0
cat__user_cityid_6172.0,0.0
cat__user_cityid_6175.0,0.0
cat__user_cityid_6176.0,0.0
cat__user_cityid_6177.0,0.0
cat__user_cityid_6178.0,0.0
cat__user_cityid_6179.0,0.0
cat__user_cityid_6183.0,0.0
cat__user_cityid_6185.0,0.0
cat__user_cityid_6186.0,0.0
cat__user_cityid_6189.0,0.0
cat__user_cityid_6190.0,0.0
cat__user_cityid_6191.0,0.0
cat__user_cityid_6192.0,0.0
cat__user_cityid_6193.0,0.0
cat__user_cityid_6194.0,0.0
cat__user_cityid_6197.0,0.0
cat__user_cityid_6198.0,0.0
cat__user_cityid_6200.0,0.0
cat__user_cityid_6201.0,0.0
cat__user_cityid_6206.0,0.0
cat__user_cityid_6207.0,0.0
cat__user_cityid_6212.0,0.0
cat__user_cityid_6213.0,0.0
cat__user_cityid_6214.0,0.0
cat__user_cityid_6216.0,0.0
cat__user_cityid_6219.0,0.0
cat__user_cityid_6220.0,0.0
cat__user_cityid_6221.0,0.0
cat__user_cityid_6223.0,0.0
cat__user_cityid_6224.0,0.0
cat__user_cityid_6229.0,0.0
cat__user_cityid_6230.0,0.0
cat__user_cityid_6233.0,0.0
cat__user_cityid_6234.0,0.0
cat__user_cityid_6236.0,0.0
cat__user_cityid_6238.0,0.0
cat__user_cityid_6242.0,0.0
cat__user_cityid_6243.0,0.0
cat__user_cityid_6244.0,0.0
cat__user_cityid_6245.0,0.0
cat__user_cityid_6246.0,0.0
cat__user_cityid_6249.0,0.0
cat__user_cityid_6250.0,0.0
cat__user_cityid_6253.0,0.0
cat__user_cityid_6254.0,0.0
cat__user_cityid_6258.0,0.0
cat__user_cityid_6259.0,0.0
cat__user_cityid_6260.0,0.0
cat__user_cityid_6261.0,0.0
cat__user_cityid_6262.0,0.0
cat__user_cityid_6263.0,0.0
cat__user_cityid_6268.0,0.0
cat__user_cityid_6269.0,0.0
cat__user_cityid_6271.0,0.0
cat__user_cityid_6275.0,0.0
cat__user_cityid_6280.0,0.0
cat__user_cityid_6282.0,0.0
cat__user_cityid_6285.0,0.0
cat__user_cityid_6288.0,0.0
cat__user_cityid_6290.0,0.0
cat__user_cityid_6292.0,0.0
cat__user_cityid_6293.0,0.0
cat__user_cityid_6297.0,0.0
cat__user_cityid_6300.0,0.0
cat__user_cityid_6306.0,0.0
cat__user_cityid_6308.0,0.0
cat__user_cityid_6314.0,0.0
cat__user_cityid_6318.0,0.0
cat__user_cityid_6319.0,0.0
cat__user_cityid_6321.0,0.0
cat__user_cityid_6322.0,0.0
cat__user_cityid_6325.0,0.0
cat__user_cityid_6328.0,0.0
cat__user_cityid_6329.0,0.0
cat__user_cityid_6330.0,0.0
cat__user_cityid_6331.0,0.0
cat__user_cityid_6335.0,0.0
cat__user_cityid_6337.0,0.0
cat__user_cityid_6338.0,0.0
cat__user_cityid_6339.0,0.0
cat__user_cityid_6342.0,0.0
cat__user_cityid_6345.0,0.0
cat__user_cityid_6346.0,0.0
cat__user_cityid_6348.0,0.0
cat__user_cityid_6349.0,0.0
cat__user_cityid_6355.0,0.0
cat__user_cityid_6356.0,0.0
cat__user_cityid_6357.0,0.0
cat__user_cityid_6358.0,0.0
cat__user_cityid_6360.0,0.0
cat__user_cityid_6361.0,0.0
cat__user_cityid_6362.0,0.0
cat__user_cityid_6364.0,0.0
cat__user_cityid_6374.0,0.0
cat__user_cityid_6375.0,0.0
cat__user_cityid_6376.0,0.0
cat__user_cityid_6377.0,0.0
cat__user_cityid_6378.0,0.0
cat__user_cityid_6382.0,0.0
cat__user_cityid_6383.0,0.0
cat__user_cityid_6385.0,0.0
cat__user_cityid_6386.0,0.0
cat__user_cityid_6392.0,0.0
cat__user_cityid_6394.0,0.0
cat__user_cityid_6396.0,0.0
cat__user_cityid_6398.0,0.0
cat__user_cityid_6399.0,0.0
cat__user_cityid_6400.0,0.0
cat__user_cityid_6401.0,0.0
cat__user_cityid_6402.0,0.0
cat__user_cityid_6406.0,0.0
cat__user_cityid_6407.0,0.0
cat__user_cityid_6408.0,0.0
cat__user_cityid_6414.0,0.0
cat__user_cityid_6415.0,0.0
cat__user_cityid_6416.0,0.0
cat__user_cityid_6418.0,0.0
cat__user_cityid_6420.0,0.0
cat__user_cityid_6421.0,0.0
cat__user_cityid_6423.0,0.0
cat__user_cityid_6424.0,0.0
cat__user_cityid_6425.0,0.0
cat__user_cityid_6429.0,0.0
cat__user_cityid_6430.0,0.0
cat__user_cityid_6434.0,0.0
cat__user_cityid_6435.0,0.0
cat__user_cityid_6437.0,0.0
cat__user_cityid_6439.0,0.0
cat__user_cityid_6444.0,0.0
cat__user_cityid_6446.0,0.0
cat__user_cityid_6448.0,0.0
cat__user_cityid_6451.0,0.0
cat__user_cityid_6452.0,0.0
cat__user_cityid_6454.0,0.0
cat__user_cityid_6456.0,0.0
cat__user_cityid_6457.0,0.0
cat__user_cityid_6459.0,0.0
cat__user_cityid_6461.0,0.0
cat__user_cityid_6462.0,0.0
cat__user_cityid_6463.0,0.0
cat__user_cityid_6465.0,0.0
cat__user_cityid_6467.0,0.0
cat__user_cityid_6470.0,0.0
cat__user_cityid_6471.0,0.0
cat__user_cityid_6472.0,0.0
cat__user_cityid_6473.0,0.0
cat__user_cityid_6474.0,0.0
cat__user_cityid_6475.0,0.0
cat__user_cityid_6477.0,0.0
cat__user_cityid_6481.0,0.0
cat__user_cityid_6484.0,0.0
cat__user_cityid_6485.0,0.0
cat__user_cityid_6486.0,0.0
cat__user_cityid_6488.0,0.0
cat__user_cityid_6492.0,0.0
cat__user_cityid_6493.0,0.0
cat__user_cityid_6494.0,0.0
cat__user_cityid_6498.0,0.0
cat__user_cityid_6501.0,0.0
cat__user_cityid_6502.0,0.0
cat__user_cityid_6503.0,0.0
cat__user_cityid_6504.0,0.0
cat__user_cityid_6509.0,0.0
cat__user_cityid_6510.0,0.0
cat__user_cityid_6512.0,0.0
cat__user_cityid_6513.0,0.0
cat__user_cityid_6514.0,0.0
cat__user_cityid_6517.0,0.0
cat__user_cityid_6518.0,0.0
cat__user_cityid_6520.0,0.0
cat__user_cityid_6521.0,0.0
cat__user_cityid_6522.0,0.0
cat__user_cityid_6524.0,0.0
cat__user_cityid_6529.0,0.0
cat__user_cityid_6532.0,0.0
cat__user_cityid_6534.0,0.0
cat__user_cityid_6535.0,0.0
cat__user_cityid_6537.0,0.0
cat__user_cityid_6538.0,0.0
cat__user_cityid_6540.0,0.0
cat__user_cityid_6541.0,0.0
cat__user_cityid_6542.0,0.0
cat__user_cityid_6543.0,0.0
cat__user_cityid_6544.0,0.0
cat__user_cityid_6546.0,0.0
cat__user_cityid_6547.0,0.0
cat__user_cityid_6548.0,0.0
cat__user_cityid_6550.0,0.0
cat__user_cityid_6551.0,0.0
cat__user_cityid_6553.0,0.0
cat__user_cityid_6554.0,0.0
cat__user_cityid_6555.0,0.0
cat__user_cityid_6557.0,0.0
cat__user_cityid_6558.0,0.0
cat__user_cityid_6559.0,0.0
cat__user_cityid_6562.0,0.0
cat__user_cityid_6563.0,0.0
cat__user_cityid_6564.0,0.0
cat__user_cityid_6565.0,0.0
cat__user_cityid_6566.0,0.0
cat__user_cityid_6567.0,0.0
cat__user_cityid_6569.0,0.0
cat__user_cityid_6572.0,0.0
cat__user_cityid_6574.0,0.0
cat__user_cityid_6578.0,0.0
cat__user_cityid_6579.0,0.0
cat__user_cityid_6580.0,0.0
cat__user_cityid_6582.0,0.0
cat__user_cityid_6583.0,0.0
cat__user_cityid_6586.0,0.0
cat__user_cityid_6587.0,0.0
cat__user_cityid_6588.0,0.0
cat__user_cityid_6589.0,0.0
cat__user_cityid_6591.0,0.0
cat__user_cityid_6593.0,0.0
cat__user_cityid_6599.0,0.0
cat__user_cityid_6600.0,0.0
cat__user_cityid_6601.0,0.0
cat__user_cityid_6602.0,0.0
cat__user_cityid_6603.0,0.0
cat__user_cityid_6607.0,0.0
cat__attractionid_1137.0,0.0
cat__user_cityid_6610.0,0.0
cat__user_cityid_6611.0,0.0
cat__user_cityid_6613.0,0.0
cat__user_cityid_6615.0,0.0
cat__user_cityid_6617.0,0.0
cat__user_cityid_6621.0,0.0
cat__user_cityid_6622.0,0.0
cat__user_cityid_6623.0,0.0
cat__user_cityid_6624.0,0.0
cat__user_cityid_6627.0,0.0
cat__user_cityid_6629.0,0.0
cat__user_cityid_6630.0,0.0
cat__user_cityid_6632.0,0.0
cat__user_cityid_6634.0,0.0
cat__user_cityid_6637.0,0.0
cat__user_cityid_6638.0,0.0
cat__user_cityid_6639.0,0.0
cat__user_cityid_6640.0,0.0
cat__user_cityid_6641.0,0.0
cat__user_cityid_6642.0,0.0
cat__user_cityid_6643.0,0.0
cat__user_cityid_6647.0,0.0
cat__user_cityid_6649.0,0.0
cat__user_cityid_6650.0,0.0
cat__user_cityid_6651.0,0.0
cat__user_cityid_6656.0,0.0
cat__user_cityid_6658.0,0.0
cat__user_cityid_6659.0,0.0
cat__user_cityid_6663.0,0.0
cat__user_cityid_6664.0,0.0
cat__user_cityid_6665.0,0.0
cat__user_cityid_6668.0,0.0
cat__user_cityid_6669.0,0.0
cat__user_cityid_6670.0,0.0
cat__user_cityid_6673.0,0.0
cat__user_cityid_6675.0,0.0
cat__user_cityid_6676.0,0.0
cat__user_cityid_6677.0,0.0
cat__user_cityid_6681.0,0.0
cat__user_cityid_6685.0,0.0
cat__user_cityid_6687.0,0.0
cat__user_cityid_6689.0,0.0
cat__user_cityid_6692.0,0.0
cat__user_cityid_6694.0,0.0
cat__user_cityid_6698.0,0.0
cat__user_cityid_6700.0,0.0
cat__user_cityid_6701.0,0.0
cat__user_cityid_6708.0,0.0
cat__user_cityid_6710.0,0.0
cat__user_cityid_6712.0,0.0
cat__user_cityid_6713.0,0.0
cat__user_cityid_6714.0,0.0
cat__user_cityid_6716.0,0.0
cat__user_cityid_6720.0,0.0
cat__user_cityid_6721.0,0.0
cat__user_cityid_6724.0,0.0
cat__user_cityid_6725.0,0.0
cat__user_cityid_6728.0,0.0
cat__user_cityid_6729.0,0.0
cat__user_cityid_6733.0,0.0
cat__user_cityid_6735.0,0.0
cat__user_cityid_6737.0,0.0
cat__user_cityid_6740.0,0.0
cat__user_cityid_6742.0,0.0
cat__user_cityid_6743.0,0.0
cat__user_cityid_6746.0,0.0
cat__user_cityid_6750.0,0.0
cat__user_cityid_6751.0,0.0
cat__user_cityid_6752.0,0.0
cat__user_cityid_6753.0,0.0
cat__user_cityid_6754.0,0.0
cat__user_cityid_6757.0,0.0
cat__user_cityid_6758.0,0.0
cat__user_cityid_6759.0,0.0
cat__user_cityid_6764.0,0.0
cat__user_cityid_6767.0,0.0
cat__user_cityid_6768.0,0.0
cat__user_cityid_6773.0,0.0
cat__user_cityid_6774.0,0.0
cat__user_cityid_6777.0,0.0
cat__user_cityid_6778.0,0.0
cat__user_cityid_6780.0,0.0
cat__user_cityid_6781.0,0.0
cat__user_cityid_6784.0,0.0
cat__user_cityid_6785.0,0.0
cat__user_cityid_6786.0,0.0
cat__user_cityid_6788.0,0.0
cat__user_cityid_6791.0,0.0
cat__user_cityid_6793.0,0.0
cat__user_cityid_6796.0,0.0
cat__user_cityid_6797.0,0.0
cat__user_cityid_6798.0,0.0
cat__user_cityid_6799.0,0.0
cat__user_cityid_6802.0,0.0
cat__user_cityid_6803.0,0.0
cat__user_cityid_6806.0,0.0
cat__user_cityid_6807.0,0.0
cat__user_cityid_6808.0,0.0
cat__user_cityid_6810.0,0.0
cat__user_cityid_6813.0,0.0
cat__user_cityid_6814.0,0.0
cat__user_cityid_6819.0,0.0
cat__user_cityid_6826.0,0.0
cat__user_cityid_6828.0,0.0
cat__user_cityid_6830.0,0.0
cat__user_cityid_6831.0,0.0
cat__user_cityid_6832.0,0.0
cat__user_cityid_6833.0,0.0
cat__user_cityid_6836.0,0.0
cat__user_cityid_6837.0,0.0
cat__user_cityid_6839.0,0.0
cat__user_cityid_6843.0,0.0
cat__user_cityid_6844.0,0.0
cat__user_cityid_6848.0,0.0
cat__user_cityid_6852.0,0.0
cat__user_cityid_6854.0,0.0
cat__user_cityid_6858.0,0.0
cat__user_cityid_6863.0,0.0
cat__user_cityid_6866.0,0.0
cat__user_cityid_6867.0,0.0
cat__user_cityid_6868.0,0.0
cat__user_cityid_6870.0,0.0
cat__user_cityid_6871.0,0.0
cat__user_cityid_6882.0,0.0
cat__user_cityid_6884.0,0.0
cat__user_cityid_6891.0,0.0
cat__user_cityid_6895.0,0.0
cat__user_cityid_6896.0,0.0
cat__user_cityid_6897.0,0.0
cat__user_cityid_6900.0,0.0
cat__user_cityid_6902.0,0.0
cat__user_cityid_6904.0,0.0
cat__user_cityid_6911.0,0.0
cat__user_cityid_6912.0,0.0
cat__user_cityid_6913.0,0.0
cat__user_cityid_6914.0,0.0
cat__user_cityid_6917.0,0.0
cat__user_cityid_6921.0,0.0
cat__user_cityid_6926.0,0.0
cat__user_cityid_6927.0,0.0
cat__user_cityid_6930.0,0.0
cat__user_cityid_6933.0,0.0
cat__user_cityid_6935.0,0.0
cat__user_cityid_6936.0,0.0
cat__user_cityid_6937.0,0.0
cat__user_cityid_6938.0,0.0
cat__user_cityid_6939.0,0.0
cat__user_cityid_6940.0,0.0
cat__user_cityid_6942.0,0.0
cat__user_cityid_6946.0,0.0
cat__user_cityid_6954.0,0.0
cat__user_cityid_6955.0,0.0
cat__user_cityid_6957.0,0.0
cat__user_cityid_6958.0,0.0
cat__user_cityid_6959.0,0.0
cat__user_cityid_6967.0,0.0
cat__user_cityid_6968.0,0.0
cat__user_cityid_6969.0,0.0
cat__user_cityid_6970.0,0.0
cat__user_cityid_6972.0,0.0
cat__user_cityid_6974.0,0.0
cat__user_cityid_6976.0,0.0
cat__user_cityid_6982.0,0.0
cat__user_cityid_6985.0,0.0
cat__user_cityid_6988.0,0.0
cat__user_cityid_6989.0,0.0
cat__user_cityid_6990.0,0.0
cat__user_cityid_6997.0,0.0
cat__user_cityid_6999.0,0.0
cat__user_cityid_7000.0,0.0
cat__user_cityid_7001.0,0.0
cat__user_cityid_7002.0,0.0
cat__user_cityid_7005.0,0.0
cat__user_cityid_7006.0,0.0
cat__user_cityid_7008.0,0.0
cat__user_cityid_7009.0,0.0
cat__user_cityid_7011.0,0.0
cat__user_cityid_7013.0,0.0
cat__user_cityid_7014.0,0.0
cat__user_cityid_7016.0,0.0
cat__user_cityid_7017.0,0.0
cat__user_cityid_7020.0,0.0
cat__user_cityid_7021.0,0.0
cat__user_cityid_7023.0,0.0
cat__user_cityid_7024.0,0.0
cat__user_cityid_7025.0,0.0
cat__user_cityid_7027.0,0.0
cat__user_cityid_7029.0,0.0
cat__user_cityid_7031.0,0.0
cat__user_cityid_7032.0,0.0
cat__user_cityid_7033.0,0.0
cat__user_cityid_7034.0,0.0
cat__user_cityid_7035.0,0.0
cat__user_cityid_7038.0,0.0
cat__user_cityid_7041.0,0.0
cat__user_cityid_7045.0,0.0
cat__user_cityid_7048.0,0.0
cat__user_cityid_7049.0,0.0
cat__user_cityid_7052.0,0.0
cat__user_cityid_7054.0,0.0
cat__user_cityid_7058.0,0.0
cat__user_cityid_7059.0,0.0
cat__user_cityid_7063.0,0.0
cat__user_cityid_7068.0,0.0
cat__user_cityid_7069.0,0.0
cat__user_cityid_7071.0,0.0
cat__user_cityid_7072.0,0.0
cat__user_cityid_7076.0,0.0
cat__user_cityid_7079.0,0.0
cat__user_cityid_7080.0,0.0
cat__user_cityid_7082.0,0.0
cat__user_cityid_7084.0,0.0
cat__user_cityid_7085.0,0.0
cat__user_cityid_7088.0,0.0
cat__user_cityid_7090.0,0.0
cat__user_cityid_7094.0,0.0
cat__user_cityid_7095.0,0.0
cat__user_cityid_7096.0,0.0
cat__user_cityid_7097.0,0.0
cat__user_cityid_7098.0,0.0
cat__user_cityid_7100.0,0.0
cat__user_cityid_7101.0,0.0
cat__user_cityid_7104.0,0.0
cat__user_cityid_7110.0,0.0
cat__user_cityid_7111.0,0.0
cat__user_cityid_7112.0,0.0
cat__user_cityid_7113.0,0.0
cat__user_cityid_7114.0,0.0
cat__user_cityid_7115.0,0.0
cat__user_cityid_7116.0,0.0
cat__user_cityid_7119.0,0.0
cat__user_cityid_7123.0,0.0
cat__user_cityid_7124.0,0.0
cat__user_cityid_7134.0,0.0
cat__user_cityid_7138.0,0.0
cat__user_cityid_7141.0,0.0
cat__user_cityid_7145.0,0.0
cat__user_cityid_7148.0,0.0
cat__user_cityid_7151.0,0.0
cat__user_cityid_7153.0,0.0
cat__user_cityid_7161.0,0.0
cat__user_cityid_7162.0,0.0
cat__user_cityid_7164.0,0.0
cat__user_cityid_7165.0,0.0
cat__user_cityid_7169.0,0.0
cat__user_cityid_7170.0,0.0
cat__user_cityid_7171.0,0.0
cat__user_cityid_7172.0,0.0
cat__user_cityid_7182.0,0.0
cat__user_cityid_7183.0,0.0
cat__user_cityid_7187.0,0.0
cat__user_cityid_7190.0,0.0
cat__user_cityid_7191.0,0.0
cat__user_cityid_7192.0,0.0
cat__user_cityid_7195.0,0.0
cat__user_cityid_7196.0,0.0
cat__user_cityid_7198.0,0.0
cat__user_cityid_7199.0,0.0
cat__user_cityid_7204.0,0.0
cat__user_cityid_7207.0,0.0
cat__user_cityid_7209.0,0.0
cat__user_cityid_7210.0,0.0
cat__user_cityid_7212.0,0.0
cat__user_cityid_7214.0,0.0
cat__user_cityid_7215.0,0.0
cat__user_cityid_7217.0,0.0
cat__user_cityid_7218.0,0.0
cat__user_cityid_7219.0,0.0
cat__user_cityid_7220.0,0.0
cat__user_cityid_7225.0,0.0
cat__user_cityid_7227.0,0.0
cat__user_cityid_7228.0,0.0
cat__user_cityid_7232.0,0.0
cat__user_cityid_7234.0,0.0
cat__user_cityid_7236.0,0.0
cat__user_cityid_7237.0,0.0
cat__user_cityid_7238.0,0.0
cat__user_cityid_7239.0,0.0
cat__user_cityid_7241.0,0.0
cat__user_cityid_7242.0,0.0
cat__user_cityid_7243.0,0.0
cat__user_cityid_7247.0,0.0
cat__user_cityid_7252.0,0.0
cat__user_cityid_7253.0,0.0
cat__user_cityid_7254.0,0.0
cat__user_cityid_7255.0,0.0
cat__user_cityid_7256.0,0.0
cat__user_cityid_7258.0,0.0
cat__user_cityid_7262.0,0.0
cat__user_cityid_7264.0,0.0
cat__user_cityid_7265.0,0.0
cat__user_cityid_7267.0,0.0
cat__user_cityid_7270.0,0.0
cat__user_cityid_7271.0,0.0
cat__user_cityid_7275.0,0.0
cat__user_cityid_7276.0,0.0
cat__user_cityid_7277.0,0.0
cat__user_cityid_7278.0,0.0
cat__user_cityid_7283.0,0.0
cat__user_cityid_7284.0,0.0
cat__user_cityid_7289.0,0.0
cat__user_cityid_7292.0,0.0
cat__user_cityid_7293.0,0.0
cat__user_cityid_7294.0,0.0
cat__user_cityid_7295.0,0.0
cat__user_cityid_7298.0,0.0
cat__user_cityid_7299.0,0.0
cat__user_cityid_7304.0,0.0
cat__user_cityid_7305.0,0.0
cat__user_cityid_7306.0,0.0
cat__user_cityid_7307.0,0.0
cat__user_cityid_7308.0,0.0
cat__user_cityid_7309.0,0.0
cat__user_cityid_7311.0,0.0
cat__user_cityid_7313.0,0.0
cat__user_cityid_7315.0,0.0
cat__user_cityid_7317.0,0.0
cat__user_cityid_7319.0,0.0
cat__user_cityid_7323.0,0.0
cat__user_cityid_7324.0,0.0
cat__user_cityid_7325.0,0.0
cat__user_cityid_7326.0,0.0
cat__user_cityid_7331.0,0.0
cat__user_cityid_7334.0,0.0
cat__user_cityid_7341.0,0.0
cat__user_cityid_7342.0,0.0
cat__user_cityid_7343.0,0.0
cat__user_cityid_7345.0,0.0
cat__user_cityid_7349.0,0.0
cat__user_cityid_7350.0,0.0
cat__user_cityid_7357.0,0.0
cat__user_cityid_7360.0,0.0
cat__user_cityid_7364.0,0.0
cat__user_cityid_7366.0,0.0
cat__user_cityid_7368.0,0.0
cat__user_cityid_7370.0,0.0
cat__user_cityid_7372.0,0.0
cat__user_cityid_7377.0,0.0
cat__user_cityid_7382.0,0.0
cat__user_cityid_7383.0,0.0
cat__user_cityid_7386.0,0.0
cat__user_cityid_7390.0,0.0
cat__user_cityid_7392.0,0.0
cat__user_cityid_7394.0,0.0
cat__user_cityid_7395.0,0.0
cat__user_cityid_7397.0,0.0
cat__user_cityid_7401.0,0.0
cat__user_cityid_7402.0,0.0
cat__user_cityid_7406.0,0.0
cat__user_cityid_7407.0,0.0
cat__user_cityid_7408.0,0.0
cat__user_cityid_7409.0,0.0
cat__user_cityid_7413.0,0.0
cat__user_cityid_7417.0,0.0
cat__user_cityid_7418.0,0.0
cat__user_cityid_7419.0,0.0
cat__user_cityid_7424.0,0.0
cat__user_cityid_7425.0,0.0
cat__user_cityid_7427.0,0.0
cat__user_cityid_7428.0,0.0
cat__user_cityid_7430.0,0.0
cat__user_cityid_7432.0,0.0
cat__user_cityid_7433.0,0.0
cat__user_cityid_7439.0,0.0
cat__user_cityid_7440.0,0.0
cat__user_cityid_7442.0,0.0
cat__user_cityid_7444.0,0.0
cat__user_cityid_7446.0,0.0
cat__user_cityid_7448.0,0.0
cat__user_cityid_7450.0,0.0
cat__user_cityid_7453.0,0.0
cat__user_cityid_7454.0,0.0
cat__user_cityid_7458.0,0.0
cat__user_cityid_7459.0,0.0
cat__user_cityid_7460.0,0.0
cat__user_cityid_7462.0,0.0
cat__user_cityid_7464.0,0.0
cat__user_cityid_7466.0,0.0
cat__user_cityid_7467.0,0.0
cat__user_cityid_7468.0,0.0
cat__user_cityid_7470.0,0.0
cat__user_cityid_7471.0,0.0
cat__user_cityid_7474.0,0.0
cat__user_cityid_7478.0,0.0
cat__user_cityid_7479.0,0.0
cat__user_cityid_7480.0,0.0
cat__user_cityid_7482.0,0.0
cat__user_cityid_7484.0,0.0
cat__user_cityid_7485.0,0.0
cat__user_cityid_7490.0,0.0
cat__user_cityid_7491.0,0.0
cat__user_cityid_7492.0,0.0
cat__user_cityid_7493.0,0.0
cat__user_cityid_7494.0,0.0
cat__user_cityid_7500.0,0.0
cat__user_cityid_7504.0,0.0
cat__user_cityid_7507.0,0.0
cat__user_cityid_7512.0,0.0
cat__user_cityid_7515.0,0.0
cat__user_cityid_7517.0,0.0
cat__user_cityid_7520.0,0.0
cat__user_cityid_7523.0,0.0
cat__user_cityid_7525.0,0.0
cat__user_cityid_7528.0,0.0
cat__user_cityid_7529.0,0.0
cat__user_cityid_7530.0,0.0
cat__user_cityid_7531.0,0.0
cat__user_cityid_7533.0,0.0
cat__user_cityid_7535.0,0.0
cat__user_cityid_7536.0,0.0
cat__user_cityid_7538.0,0.0
cat__user_cityid_7540.0,0.0
cat__user_cityid_7543.0,0.0
cat__user_cityid_7544.0,0.0
cat__user_cityid_7546.0,0.0
cat__user_cityid_7547.0,0.0
cat__user_cityid_7548.0,0.0
cat__user_cityid_7549.0,0.0
cat__user_cityid_7551.0,0.0
cat__user_cityid_7555.0,0.0
cat__user_cityid_7561.0,0.0
cat__user_cityid_7562.0,0.0
cat__user_cityid_7564.0,0.0
cat__user_cityid_7565.0,0.0
cat__user_cityid_7568.0,0.0
cat__user_cityid_7569.0,0.0
cat__user_cityid_7572.0,0.0
cat__user_cityid_7577.0,0.0
cat__user_cityid_7578.0,0.0
cat__user_cityid_7580.0,0.0
cat__user_cityid_7581.0,0.0
cat__user_cityid_7582.0,0.0
cat__user_cityid_7583.0,0.0
cat__user_cityid_7585.0,0.0
cat__user_cityid_7586.0,0.0
cat__user_cityid_7588.0,0.0
cat__user_cityid_7590.0,0.0
cat__user_cityid_7592.0,0.0
cat__user_cityid_7595.0,0.0
cat__user_cityid_7596.0,0.0
cat__user_cityid_7598.0,0.0
cat__user_cityid_7599.0,0.0
cat__user_cityid_7601.0,0.0
cat__user_cityid_7602.0,0.0
cat__user_cityid_7603.0,0.0
cat__user_cityid_7605.0,0.0
cat__user_cityid_7606.0,0.0
cat__user_cityid_7611.0,0.0
cat__user_cityid_7612.0,0.0
cat__user_cityid_7614.0,0.0
cat__user_cityid_7616.0,0.0
cat__user_cityid_7617.0,0.0
cat__user_cityid_7618.0,0.0
cat__user_cityid_7619.0,0.0
cat__user_cityid_7621.0,0.0
cat__user_cityid_7622.0,0.0
cat__user_cityid_7624.0,0.0
cat__user_cityid_7627.0,0.0
cat__user_cityid_7629.0,0.0
cat__user_cityid_7631.0,0.0
cat__user_cityid_7632.0,0.0
cat__user_cityid_7633.0,0.0
cat__user_cityid_7635.0,0.0
cat__user_cityid_7638.0,0.0
cat__user_cityid_7639.0,0.0
cat__user_cityid_7641.0,0.0
cat__user_cityid_7644.0,0.0
cat__user_cityid_7647.0,0.0
cat__user_cityid_7652.0,0.0
cat__user_cityid_7655.0,0.0
cat__user_cityid_7657.0,0.0
cat__user_cityid_7659.0,0.0
cat__user_cityid_7666.0,0.0
cat__user_cityid_7667.0,0.0
cat__user_cityid_7668.0,0.0
cat__user_cityid_7671.0,0.0
cat__user_cityid_7672.0,0.0
cat__user_cityid_7675.0,0.0
cat__user_cityid_7676.0,0.0
cat__user_cityid_7677.0,0.0
cat__user_cityid_7678.0,0.0
cat__user_cityid_7679.0,0.0
cat__user_cityid_7680.0,0.0
cat__user_cityid_7683.0,0.0
cat__user_cityid_7684.0,0.0
cat__user_cityid_7685.0,0.0
cat__user_cityid_7686.0,0.0
cat__user_cityid_7687.0,0.0
cat__user_cityid_7689.0,0.0
cat__user_cityid_7691.0,0.0
cat__user_cityid_7692.0,0.0
cat__user_cityid_7693.0,0.0
cat__user_cityid_7696.0,0.0
cat__user_cityid_7699.0,0.0
cat__user_cityid_7702.0,0.0
cat__user_cityid_7703.0,0.0
cat__user_cityid_7707.0,0.0
cat__user_cityid_7708.0,0.0
cat__user_cityid_7714.0,0.0
cat__user_cityid_7715.0,0.0
cat__user_cityid_7717.0,0.0
cat__user_cityid_7718.0,0.0
cat__user_cityid_7719.0,0.0
cat__user_cityid_7720.0,0.0
cat__user_cityid_7724.0,0.0
cat__user_cityid_7726.0,0.0
cat__user_cityid_7729.0,0.0
cat__user_cityid_7733.0,0.0
cat__user_cityid_7736.0,0.0
cat__user_cityid_7737.0,0.0
cat__user_cityid_7738.0,0.0
cat__user_cityid_7740.0,0.0
cat__user_cityid_7741.0,0.0
cat__user_cityid_7742.0,0.0
cat__user_cityid_7744.0,0.0
cat__user_cityid_7745.0,0.0
cat__user_cityid_7747.0,0.0
cat__user_cityid_7748.0,0.0
cat__user_cityid_7749.0,0.0
cat__user_cityid_7752.0,0.0
cat__user_cityid_7755.0,0.0
cat__user_cityid_7756.0,0.0
cat__user_cityid_7757.0,0.0
cat__user_cityid_7759.0,0.0
cat__user_cityid_7760.0,0.0
cat__user_cityid_7763.0,0.0
cat__user_cityid_7764.0,0.0
cat__user_cityid_7765.0,0.0
cat__user_cityid_7766.0,0.0
cat__user_cityid_7770.0,0.0
cat__user_cityid_7771.0,0.0
cat__user_cityid_7772.0,0.0
cat__user_cityid_7776.0,0.0
cat__user_cityid_7777.0,0.0
cat__user_cityid_7778.0,0.0
cat__user_cityid_7779.0,0.0
cat__user_cityid_7784.0,0.0
cat__user_cityid_7786.0,0.0
cat__user_cityid_7791.0,0.0
cat__user_cityid_7796.0,0.0
cat__user_cityid_7797.0,0.0
cat__user_cityid_7798.0,0.0
cat__user_cityid_7799.0,0.0
cat__user_cityid_7801.0,0.0
cat__user_cityid_7803.0,0.0
cat__user_cityid_7806.0,0.0
cat__user_cityid_7807.0,0.0
cat__user_cityid_7809.0,0.0
cat__user_cityid_7813.0,0.0
cat__user_cityid_7815.0,0.0
cat__user_cityid_7816.0,0.0
cat__user_cityid_7826.0,0.0
cat__user_cityid_7827.0,0.0
cat__user_cityid_7830.0,0.0
cat__user_cityid_7831.0,0.0
cat__user_cityid_7832.0,0.0
cat__user_cityid_7833.0,0.0
cat__user_cityid_7836.0,0.0
cat__user_cityid_7839.0,0.0
cat__user_cityid_7841.0,0.0
cat__user_cityid_7843.0,0.0
cat__user_cityid_7845.0,0.0
cat__user_cityid_7846.0,0.0
cat__user_cityid_7847.0,0.0
cat__user_cityid_7848.0,0.0
cat__user_cityid_7851.0,0.0
cat__user_cityid_7854.0,0.0
cat__user_cityid_7856.0,0.0
cat__user_cityid_7857.0,0.0
cat__user_cityid_7858.0,0.0
cat__user_cityid_7859.0,0.0
cat__user_cityid_7860.0,0.0
cat__user_cityid_7861.0,0.0
cat__user_cityid_7863.0,0.0
cat__user_cityid_7864.0,0.0
cat__user_cityid_7865.0,0.0
cat__user_cityid_7866.0,0.0
cat__user_cityid_7868.0,0.0
cat__user_cityid_7869.0,0.0
cat__user_cityid_7870.0,0.0
cat__user_cityid_7873.0,0.0
cat__user_cityid_7874.0,0.0
cat__user_cityid_7875.0,0.0
cat__user_cityid_7878.0,0.0
cat__user_cityid_7879.0,0.0
cat__user_cityid_7881.0,0.0
cat__user_cityid_7889.0,0.0
cat__user_cityid_7890.0,0.0
cat__user_cityid_7893.0,0.0
cat__user_cityid_7896.0,0.0
cat__user_cityid_7897.0,0.0
cat__user_cityid_7901.0,0.0
cat__user_cityid_7902.0,0.0
cat__user_cityid_7903.0,0.0
cat__user_cityid_7905.0,0.0
cat__user_cityid_7909.0,0.0
cat__user_cityid_7912.0,0.0
cat__user_cityid_7914.0,0.0
cat__user_cityid_7915.0,0.0
cat__user_cityid_7916.0,0.0
cat__user_cityid_7917.0,0.0
cat__user_cityid_7918.0,0.0
cat__user_cityid_7919.0,0.0
cat__user_cityid_7921.0,0.0
cat__user_cityid_7922.0,0.0
cat__user_cityid_7923.0,0.0
cat__user_cityid_7924.0,0.0
cat__user_cityid_7927.0,0.0
cat__user_cityid_7929.0,0.0
cat__user_cityid_7930.0,0.0
cat__user_cityid_7933.0,0.0
cat__user_cityid_7934.0,0.0
cat__user_cityid_7936.0,0.0
cat__user_cityid_7937.0,0.0
cat__user_cityid_7938.0,0.0
cat__user_cityid_7939.0,0.0
cat__user_cityid_7940.0,0.0
cat__user_cityid_7944.0,0.0
cat__user_cityid_7947.0,0.0
cat__user_cityid_7950.0,0.0
cat__user_cityid_7951.0,0.0
cat__user_cityid_7952.0,0.0
cat__user_cityid_7954.0,0.0
cat__user_cityid_7955.0,0.0
cat__user_cityid_7956.0,0.0
cat__user_cityid_7959.0,0.0
cat__user_cityid_7960.0,0.0
cat__user_cityid_7961.0,0.0
cat__user_cityid_7965.0,0.0
cat__user_cityid_7966.0,0.0
cat__user_cityid_7967.0,0.0
cat__user_cityid_7971.0,0.0
cat__user_cityid_7972.0,0.0
cat__user_cityid_7974.0,0.0
cat__user_cityid_7977.0,0.0
cat__user_cityid_7978.0,0.0
cat__user_cityid_7979.0,0.0
cat__user_cityid_7980.0,0.0
cat__user_cityid_7981.0,0.0
cat__user_cityid_7982.0,0.0
cat__user_cityid_7986.0,0.0
cat__user_cityid_7987.0,0.0
cat__user_cityid_7988.0,0.0
cat__user_cityid_7990.0,0.0
cat__user_cityid_7994.0,0.0
cat__user_cityid_7995.0,0.0
cat__user_cityid_7997.0,0.0
cat__user_cityid_8000.0,0.0
cat__user_cityid_8001.0,0.0
cat__user_cityid_8005.0,0.0
cat__user_cityid_8009.0,0.0
cat__user_cityid_8010.0,0.0
cat__user_cityid_8011.0,0.0
cat__user_cityid_8012.0,0.0
cat__user_cityid_8013.0,0.0
cat__user_cityid_8014.0,0.0
cat__user_cityid_8015.0,0.0
cat__user_cityid_8023.0,0.0
cat__user_cityid_8024.0,0.0
cat__user_cityid_6609.0,0.0
cat__user_cityid_8029.0,0.0
cat__user_cityid_8033.0,0.0
cat__user_cityid_8035.0,0.0
cat__user_cityid_8036.0,0.0
cat__user_cityid_8040.0,0.0
cat__user_cityid_8042.0,0.0
cat__user_cityid_8045.0,0.0
cat__user_cityid_8046.0,0.0
cat__user_cityid_8047.0,0.0
cat__user_cityid_8048.0,0.0
cat__user_cityid_8049.0,0.0
cat__user_cityid_8050.0,0.0
cat__user_cityid_8051.0,0.0
cat__user_cityid_8052.0,0.0
cat__user_cityid_8053.0,0.0
cat__user_cityid_8054.0,0.0
cat__user_cityid_8055.0,0.0
cat__user_cityid_8058.0,0.0
cat__user_cityid_8060.0,0.0
cat__user_cityid_8062.0,0.0
cat__user_cityid_8063.0,0.0
cat__user_cityid_8068.0,0.0
cat__user_cityid_8070.0,0.0
cat__user_cityid_8075.0,0.0
cat__user_cityid_8076.0,0.0
cat__user_cityid_8077.0,0.0
cat__user_cityid_8079.0,0.0
cat__user_cityid_8080.0,0.0
cat__user_cityid_8081.0,0.0
cat__user_cityid_8082.0,0.0
cat__user_cityid_8083.0,0.0
cat__user_cityid_8085.0,0.0
cat__user_cityid_8087.0,0.0
cat__user_cityid_8089.0,0.0
cat__user_cityid_8090.0,0.0
cat__user_cityid_8094.0,0.0
cat__user_cityid_8095.0,0.0
cat__user_cityid_8096.0,0.0
cat__user_cityid_8097.0,0.0
cat__user_cityid_8098.0,0.0
cat__user_cityid_8099.0,0.0
cat__user_cityid_8101.0,0.0
cat__user_cityid_8102.0,0.0
cat__user_cityid_8104.0,0.0
cat__user_cityid_8110.0,0.0
cat__user_cityid_8112.0,0.0
cat__user_cityid_8115.0,0.0
cat__user_cityid_8118.0,0.0
cat__user_cityid_8119.0,0.0
cat__user_cityid_8121.0,0.0
cat__user_cityid_8122.0,0.0
cat__user_cityid_8123.0,0.0
cat__user_cityid_8124.0,0.0
cat__user_cityid_8125.0,0.0
cat__user_cityid_8129.0,0.0
cat__user_cityid_8131.0,0.0
cat__user_cityid_8132.0,0.0
cat__user_cityid_8136.0,0.0
cat__user_cityid_8137.0,0.0
cat__user_cityid_8140.0,0.0
cat__user_cityid_8142.0,0.0
cat__user_cityid_8144.0,0.0
cat__user_cityid_8147.0,0.0
cat__user_cityid_8149.0,0.0
cat__user_cityid_8151.0,0.0
cat__user_cityid_8152.0,0.0
cat__user_cityid_8155.0,0.0
cat__user_cityid_8156.0,0.0
cat__user_cityid_8157.0,0.0
cat__user_cityid_8160.0,0.0
cat__user_cityid_8162.0,0.0
cat__user_cityid_8163.0,0.0
cat__user_cityid_8164.0,0.0
cat__user_cityid_8166.0,0.0
cat__user_cityid_8170.0,0.0
cat__user_cityid_8173.0,0.0
cat__user_cityid_8174.0,0.0
cat__user_cityid_8175.0,0.0
cat__user_cityid_8176.0,0.0
cat__user_cityid_8177.0,0.0
cat__user_cityid_8179.0,0.0
cat__user_cityid_8180.0,0.0
cat__user_cityid_8182.0,0.0
cat__user_cityid_8183.0,0.0
cat__user_cityid_8184.0,0.0
cat__user_cityid_8185.0,0.0
cat__user_cityid_8186.0,0.0
cat__user_cityid_8190.0,0.0
cat__user_cityid_8192.0,0.0
cat__user_cityid_8194.0,0.0
cat__user_cityid_8195.0,0.0
cat__user_cityid_8196.0,0.0
cat__user_cityid_8198.0,0.0
cat__user_cityid_8199.0,0.0
cat__user_cityid_8201.0,0.0
cat__user_cityid_8204.0,0.0
cat__user_cityid_8206.0,0.0
cat__user_cityid_8208.0,0.0
cat__user_cityid_8210.0,0.0
cat__user_cityid_8212.0,0.0
cat__user_cityid_8214.0,0.0
cat__user_cityid_8215.0,0.0
cat__user_cityid_8217.0,0.0
cat__user_cityid_8219.0,0.0
cat__user_cityid_8221.0,0.0
cat__user_cityid_8223.0,0.0
cat__user_cityid_8224.0,0.0
cat__user_cityid_8225.0,0.0
cat__user_cityid_8226.0,0.0
cat__user_cityid_8227.0,0.0
cat__user_cityid_8228.0,0.0
cat__user_cityid_8230.0,0.0
cat__user_cityid_8231.0,0.0
cat__user_cityid_8233.0,0.0
cat__user_cityid_8236.0,0.0
cat__user_cityid_8237.0,0.0
cat__user_cityid_8238.0,0.0
cat__user_cityid_8241.0,0.0
cat__user_cityid_8243.0,0.0
cat__user_cityid_8244.0,0.0
cat__user_cityid_8246.0,0.0
cat__user_cityid_8248.0,0.0
cat__user_cityid_8250.0,0.0
cat__user_cityid_8251.0,0.0
cat__user_cityid_8252.0,0.0
cat__user_cityid_8253.0,0.0
cat__user_cityid_8254.0,0.0
cat__user_cityid_8256.0,0.0
cat__user_cityid_8257.0,0.0
cat__user_cityid_8258.0,0.0
cat__user_cityid_8261.0,0.0
cat__user_cityid_8263.0,0.0
cat__user_cityid_8265.0,0.0
cat__user_cityid_8269.0,0.0
cat__user_cityid_8271.0,0.0
cat__user_cityid_8273.0,0.0
cat__user_cityid_8274.0,0.0
cat__user_cityid_8277.0,0.0
cat__user_cityid_8278.0,0.0
cat__user_cityid_8281.0,0.0
cat__user_cityid_8282.0,0.0
cat__user_cityid_8283.0,0.0
cat__user_cityid_8284.0,0.0
cat__user_cityid_8285.0,0.0
cat__user_cityid_8288.0,0.0
cat__user_cityid_8289.0,0.0
cat__user_cityid_8291.0,0.0
cat__user_cityid_8295.0,0.0
cat__user_cityid_8296.0,0.0
cat__user_cityid_8297.0,0.0
cat__user_cityid_8299.0,0.0
cat__user_cityid_8304.0,0.0
cat__user_cityid_8305.0,0.0
cat__user_cityid_8306.0,0.0
cat__user_cityid_8307.0,0.0
cat__user_cityid_8311.0,0.0
cat__user_cityid_8313.0,0.0
cat__user_cityid_8314.0,0.0
cat__user_cityid_8315.0,0.0
cat__user_cityid_8316.0,0.0
cat__user_cityid_8317.0,0.0
cat__user_cityid_8318.0,0.0
cat__user_cityid_8320.0,0.0
cat__user_cityid_8321.0,0.0
cat__user_cityid_8322.0,0.0
cat__user_cityid_8327.0,0.0
cat__user_cityid_8328.0,0.0
cat__user_cityid_8329.0,0.0
cat__user_cityid_8330.0,0.0
cat__user_cityid_8331.0,0.0
cat__user_cityid_8332.0,0.0
cat__user_cityid_8334.0,0.0
cat__user_cityid_8335.0,0.0
cat__user_cityid_8336.0,0.0
cat__user_cityid_8339.0,0.0
cat__user_cityid_8340.0,0.0
cat__user_cityid_8341.0,0.0
cat__user_cityid_8345.0,0.0
cat__user_cityid_8348.0,0.0
cat__user_cityid_8351.0,0.0
cat__user_cityid_8353.0,0.0
cat__user_cityid_8355.0,0.0
cat__user_cityid_8357.0,0.0
cat__user_cityid_8362.0,0.0
cat__user_cityid_8364.0,0.0
cat__user_cityid_8365.0,0.0
cat__user_cityid_8366.0,0.0
cat__user_cityid_8367.0,0.0
cat__user_cityid_8368.0,0.0
cat__user_cityid_8370.0,0.0
cat__user_cityid_8371.0,0.0
cat__user_cityid_8372.0,0.0
cat__user_cityid_8374.0,0.0
cat__user_cityid_8376.0,0.0
cat__user_cityid_8378.0,0.0
cat__user_cityid_8379.0,0.0
cat__user_cityid_8384.0,0.0
cat__user_cityid_8388.0,0.0
cat__user_cityid_8389.0,0.0
cat__user_cityid_8391.0,0.0
cat__user_cityid_8392.0,0.0
cat__user_cityid_8393.0,0.0
cat__user_cityid_8400.0,0.0
cat__user_cityid_8401.0,0.0
cat__user_cityid_8402.0,0.0
cat__user_cityid_8405.0,0.0
cat__user_cityid_8408.0,0.0
cat__user_cityid_8409.0,0.0
cat__user_cityid_8413.0,0.0
cat__user_cityid_8414.0,0.0
cat__user_cityid_8415.0,0.0
cat__user_cityid_8416.0,0.0
cat__user_cityid_8417.0,0.0
cat__user_cityid_8418.0,0.0
cat__user_cityid_8423.0,0.0
cat__user_cityid_8424.0,0.0
cat__user_cityid_8425.0,0.0
cat__user_cityid_8426.0,0.0
cat__user_cityid_8429.0,0.0
cat__user_cityid_8430.0,0.0
cat__user_cityid_8431.0,0.0
cat__user_cityid_8433.0,0.0
cat__user_cityid_8434.0,0.0
cat__user_cityid_8436.0,0.0
cat__user_cityid_8437.0,0.0
cat__user_cityid_8441.0,0.0
cat__user_cityid_8444.0,0.0
cat__user_cityid_8446.0,0.0
cat__user_cityid_8447.0,0.0
cat__user_cityid_8448.0,0.0
cat__user_cityid_8449.0,0.0
cat__user_cityid_8450.0,0.0
cat__user_cityid_8458.0,0.0
cat__user_cityid_8460.0,0.0
cat__user_cityid_8462.0,0.0
cat__user_cityid_8464.0,0.0
cat__user_cityid_8465.0,0.0
cat__user_cityid_8467.0,0.0
cat__user_cityid_8469.0,0.0
cat__user_cityid_8474.0,0.0
cat__user_cityid_8476.0,0.0
cat__user_cityid_8479.0,0.0
cat__user_cityid_8480.0,0.0
cat__user_cityid_8483.0,0.0
cat__user_cityid_8484.0,0.0
cat__user_cityid_8487.0,0.0
cat__user_cityid_8489.0,0.0
cat__user_cityid_8491.0,0.0
cat__user_cityid_8492.0,0.0
cat__user_cityid_8494.0,0.0
cat__user_cityid_8495.0,0.0
cat__user_cityid_8496.0,0.0
cat__user_cityid_8497.0,0.0
cat__user_cityid_8499.0,0.0
cat__user_cityid_8501.0,0.0
cat__user_cityid_8504.0,0.0
cat__user_cityid_8505.0,0.0
cat__user_cityid_8506.0,0.0
cat__user_cityid_8508.0,0.0
cat__user_cityid_8510.0,0.0
cat__user_cityid_8511.0,0.0
cat__user_cityid_8512.0,0.0
cat__user_cityid_8513.0,0.0
cat__user_cityid_8515.0,0.0
cat__user_cityid_8517.0,0.0
cat__user_cityid_8518.0,0.0
cat__user_cityid_8520.0,0.0
cat__user_cityid_8524.0,0.0
cat__user_cityid_8525.0,0.0
cat__user_cityid_8527.0,0.0
cat__user_cityid_8529.0,0.0
cat__user_cityid_8531.0,0.0
cat__user_cityid_8532.0,0.0
cat__user_cityid_8535.0,0.0
cat__user_cityid_8536.0,0.0
cat__user_cityid_8538.0,0.0
cat__user_cityid_8541.0,0.0
cat__user_cityid_8544.0,0.0
cat__user_cityid_8546.0,0.0
cat__user_cityid_8547.0,0.0
cat__user_cityid_8551.0,0.0
cat__user_cityid_8552.0,0.0
cat__user_cityid_8558.0,0.0
cat__user_cityid_8559.0,0.0
cat__user_cityid_8560.0,0.0
cat__user_cityid_8563.0,0.0
cat__user_cityid_8564.0,0.0
cat__user_cityid_8565.0,0.0
cat__user_cityid_8566.0,0.0
cat__user_cityid_8569.0,0.0
cat__user_cityid_8570.0,0.0
cat__user_cityid_8571.0,0.0
cat__user_cityid_8573.0,0.0
cat__user_cityid_8574.0,0.0
cat__user_cityid_8575.0,0.0
cat__user_cityid_8576.0,0.0
cat__user_cityid_8577.0,0.0
cat__user_cityid_8579.0,0.0
cat__user_cityid_8581.0,0.0
cat__user_cityid_8582.0,0.0
cat__user_cityid_8585.0,0.0
cat__user_cityid_8586.0,0.0
cat__user_cityid_8589.0,0.0
cat__user_cityid_8590.0,0.0
cat__user_cityid_8593.0,0.0
cat__user_cityid_8596.0,0.0
cat__user_cityid_8597.0,0.0
cat__user_cityid_8599.0,0.0
cat__user_cityid_8600.0,0.0
cat__user_cityid_8611.0,0.0
cat__user_cityid_8613.0,0.0
cat__user_cityid_8614.0,0.0
cat__user_cityid_8615.0,0.0
cat__user_cityid_8616.0,0.0
cat__user_cityid_8618.0,0.0
cat__user_cityid_8619.0,0.0
cat__user_cityid_8621.0,0.0
cat__user_cityid_8623.0,0.0
cat__user_cityid_8624.0,0.0
cat__user_cityid_8626.0,0.0
cat__user_cityid_8627.0,0.0
cat__user_cityid_8630.0,0.0
cat__user_cityid_8632.0,0.0
cat__user_cityid_8635.0,0.0
cat__user_cityid_8637.0,0.0
cat__user_cityid_8639.0,0.0
cat__user_cityid_8641.0,0.0
cat__user_cityid_8643.0,0.0
cat__user_cityid_8644.0,0.0
cat__user_cityid_8648.0,0.0
cat__user_cityid_8650.0,0.0
cat__user_cityid_8651.0,0.0
cat__user_cityid_8652.0,0.0
cat__user_cityid_8653.0,0.0
cat__user_cityid_8654.0,0.0
cat__user_cityid_8658.0,0.0
cat__user_cityid_8659.0,0.0
cat__user_cityid_8662.0,0.0
cat__user_cityid_8666.0,0.0
cat__user_cityid_8667.0,0.0
cat__user_cityid_8671.0,0.0
cat__user_cityid_8674.0,0.0
cat__user_cityid_8676.0,0.0
cat__user_cityid_8677.0,0.0
cat__user_cityid_8678.0,0.0
cat__user_cityid_8679.0,0.0
cat__user_cityid_8682.0,0.0
cat__user_cityid_8683.0,0.0
cat__user_cityid_8684.0,0.0
cat__user_cityid_8685.0,0.0
cat__user_cityid_8686.0,0.0
cat__user_cityid_8687.0,0.0
cat__user_cityid_8688.0,0.0
cat__user_cityid_8691.0,0.0
cat__user_cityid_8694.0,0.0
cat__user_cityid_8695.0,0.0
cat__user_cityid_8699.0,0.0
cat__user_cityid_8701.0,0.0
cat__user_cityid_8702.0,0.0
cat__user_cityid_8703.0,0.0
cat__user_cityid_8706.0,0.0
cat__user_cityid_8711.0,0.0
cat__user_cityid_8712.0,0.0
cat__user_cityid_8713.0,0.0
cat__user_cityid_8714.0,0.0
cat__user_cityid_8715.0,0.0
cat__user_cityid_8717.0,0.0
cat__user_cityid_8718.0,0.0
cat__user_cityid_8719.0,0.0
cat__user_cityid_8720.0,0.0
cat__user_cityid_8722.0,0.0
cat__user_cityid_8725.0,0.0
cat__user_cityid_8726.0,0.0
cat__user_cityid_8729.0,0.0
cat__user_cityid_8732.0,0.0
cat__user_cityid_8733.0,0.0
cat__user_cityid_8735.0,0.0
cat__user_cityid_8740.0,0.0
cat__user_cityid_8742.0,0.0
cat__user_cityid_8743.0,0.0
cat__user_cityid_8745.0,0.0
cat__user_cityid_8746.0,0.0
cat__user_cityid_8750.0,0.0
cat__user_cityid_8751.0,0.0
cat__user_cityid_8752.0,0.0
cat__user_cityid_8754.0,0.0
cat__user_cityid_8755.0,0.0
cat__user_cityid_8756.0,0.0
cat__user_cityid_8757.0,0.0
cat__user_cityid_8758.0,0.0
cat__user_cityid_8759.0,0.0
cat__user_cityid_8760.0,0.0
cat__user_cityid_8761.0,0.0
cat__user_cityid_8765.0,0.0
cat__user_cityid_8766.0,0.0
cat__user_cityid_8767.0,0.0
cat__user_cityid_8768.0,0.0
cat__user_cityid_8769.0,0.0
cat__user_cityid_8773.0,0.0
cat__user_cityid_8774.0,0.0
cat__user_cityid_8779.0,0.0
cat__user_cityid_8780.0,0.0
cat__user_cityid_8783.0,0.0
cat__user_cityid_8784.0,0.0
cat__user_cityid_8785.0,0.0
cat__user_cityid_8787.0,0.0
cat__user_cityid_8788.0,0.0
cat__user_cityid_8789.0,0.0
cat__user_cityid_8790.0,0.0
cat__user_cityid_8795.0,0.0
cat__user_cityid_8797.0,0.0
cat__user_cityid_8798.0,0.0
cat__user_cityid_8799.0,0.0
cat__user_cityid_8802.0,0.0
cat__user_cityid_8804.0,0.0
cat__user_cityid_8807.0,0.0
cat__user_cityid_8809.0,0.0
cat__user_cityid_8810.0,0.0
cat__user_cityid_8811.0,0.0
cat__user_cityid_8813.0,0.0
cat__user_cityid_8815.0,0.0
cat__user_cityid_8817.0,0.0
cat__user_cityid_8818.0,0.0
cat__user_cityid_8819.0,0.0
cat__user_cityid_8822.0,0.0
cat__user_cityid_8824.0,0.0
cat__user_cityid_8825.0,0.0
cat__user_cityid_8827.0,0.0
cat__user_cityid_8829.0,0.0
cat__user_cityid_8830.0,0.0
cat__user_cityid_8831.0,0.0
cat__user_cityid_8833.0,0.0
cat__user_cityid_8835.0,0.0
cat__user_cityid_8836.0,0.0
cat__user_cityid_8837.0,0.0
cat__user_cityid_8840.0,0.0
cat__user_cityid_8845.0,0.0
cat__user_cityid_8847.0,0.0
cat__user_cityid_8850.0,0.0
cat__user_cityid_8855.0,0.0
cat__user_cityid_8862.0,0.0
cat__user_cityid_8863.0,0.0
cat__user_cityid_8865.0,0.0
cat__user_cityid_8868.0,0.0
cat__user_cityid_8869.0,0.0
cat__user_cityid_8870.0,0.0
cat__user_cityid_8871.0,0.0
cat__user_cityid_8874.0,0.0
cat__user_cityid_8876.0,0.0
cat__user_cityid_8877.0,0.0
cat__user_cityid_8878.0,0.0
cat__user_cityid_8879.0,0.0
cat__user_cityid_8880.0,0.0
cat__user_cityid_8881.0,0.0
cat__user_cityid_8885.0,0.0
cat__user_cityid_8886.0,0.0
cat__user_cityid_8888.0,0.0
cat__user_cityid_8891.0,0.0
cat__user_cityid_8892.0,0.0
cat__user_cityid_8893.0,0.0
cat__user_cityid_8894.0,0.0
cat__user_cityid_8895.0,0.0
cat__user_cityid_8898.0,0.0
cat__user_cityid_8899.0,0.0
cat__user_cityid_8900.0,0.0
cat__user_cityid_8902.0,0.0
cat__user_cityid_8904.0,0.0
cat__user_cityid_8905.0,0.0
cat__user_cityid_8906.0,0.0
cat__user_cityid_8907.0,0.0
cat__user_cityid_8908.0,0.0
cat__user_cityid_8909.0,0.0
cat__user_cityid_8910.0,0.0
cat__user_cityid_8912.0,0.0
cat__user_cityid_8914.0,0.0
cat__user_cityid_8916.0,0.0
cat__user_cityid_8917.0,0.0
cat__user_cityid_8918.0,0.0
cat__user_cityid_8919.0,0.0
cat__user_cityid_8920.0,0.0
cat__user_cityid_8922.0,0.0
cat__user_cityid_8924.0,0.0
cat__user_cityid_8925.0,0.0
cat__user_cityid_8926.0,0.0
cat__user_cityid_8927.0,0.0
cat__user_cityid_8928.0,0.0
cat__user_cityid_8929.0,0.0
cat__user_cityid_8930.0,0.0
cat__user_cityid_8932.0,0.0
cat__user_cityid_8934.0,0.0
cat__user_cityid_8935.0,0.0
cat__user_cityid_8936.0,0.0
cat__user_cityid_8938.0,0.0
cat__user_cityid_8939.0,0.0
cat__user_cityid_8942.0,0.0
cat__user_cityid_8945.0,0.0
cat__user_cityid_8946.0,0.0
cat__user_cityid_8947.0,0.0
cat__user_cityid_8948.0,0.0
cat__user_cityid_8953.0,0.0
cat__user_cityid_8954.0,0.0
cat__user_cityid_8959.0,0.0
cat__user_cityid_8960.0,0.0
cat__user_cityid_8966.0,0.0
cat__user_cityid_8967.0,0.0
cat__user_cityid_8968.0,0.0
cat__user_cityid_8969.0,0.0
cat__user_cityid_8970.0,0.0
cat__user_cityid_8971.0,0.0
cat__user_cityid_8972.0,0.0
cat__user_cityid_8973.0,0.0
cat__user_cityid_8976.0,0.0
cat__user_cityid_8979.0,0.0
cat__user_cityid_8980.0,0.0
cat__user_cityid_8981.0,0.0
cat__user_cityid_8986.0,0.0
cat__user_cityid_8987.0,0.0
cat__user_cityid_8990.0,0.0
cat__user_cityid_8991.0,0.0
cat__user_cityid_8992.0,0.0
cat__user_cityid_8994.0,0.0
cat__user_cityid_8995.0,0.0
cat__user_cityid_8996.0,0.0
cat__user_cityid_8998.0,0.0
cat__user_cityid_8999.0,0.0
cat__user_cityid_9001.0,0.0
cat__user_cityid_9002.0,0.0
cat__user_cityid_9003.0,0.0
cat__user_cityid_9004.0,0.0
cat__user_cityid_9006.0,0.0
cat__user_cityid_9007.0,0.0
cat__user_cityid_9009.0,0.0
cat__user_cityid_9011.0,0.0
cat__user_cityid_9013.0,0.0
cat__user_cityid_9017.0,0.0
cat__user_cityid_9022.0,0.0
cat__user_cityid_9023.0,0.0
cat__user_cityid_9027.0,0.0
cat__user_cityid_9028.0,0.0
cat__user_cityid_9029.0,0.0
cat__user_cityid_9030.0,0.0
cat__user_cityid_9031.0,0.0
cat__user_cityid_9034.0,0.0
cat__user_cityid_9036.0,0.0
cat__user_cityid_9037.0,0.0
cat__user_cityid_9039.0,0.0
cat__user_cityid_9041.0,0.0
cat__user_cityid_9043.0,0.0
cat__user_cityid_9045.0,0.0
cat__user_cityid_9046.0,0.0
cat__user_cityid_9048.0,0.0
cat__user_cityid_9049.0,0.0
cat__user_cityid_9053.0,0.0
cat__user_cityid_9054.0,0.0
cat__user_cityid_9055.0,0.0
cat__user_cityid_9056.0,0.0
cat__user_cityid_9057.0,0.0
cat__user_cityid_9059.0,0.0
cat__user_cityid_9061.0,0.0
cat__user_cityid_9062.0,0.0
cat__user_cityid_9065.0,0.0
cat__user_cityid_9066.0,0.0
cat__user_cityid_9067.0,0.0
cat__user_cityid_9069.0,0.0
cat__user_cityid_9070.0,0.0
cat__user_cityid_9071.0,0.0
cat__user_cityid_9074.0,0.0
cat__user_cityid_9076.0,0.0
cat__user_cityid_9077.0,0.0
cat__user_cityid_9078.0,0.0
cat__user_cityid_9079.0,0.0
cat__user_cityid_9080.0,0.0
cat__user_cityid_9082.0,0.0
cat__user_cityid_9084.0,0.0
cat__user_cityid_9085.0,0.0
cat__user_cityid_9086.0,0.0
cat__user_cityid_9090.0,0.0
cat__user_cityid_9092.0,0.0
cat__user_cityid_9094.0,0.0
cat__user_cityid_9099.0,0.0
cat__user_cityid_9101.0,0.0
cat__user_cityid_9102.0,0.0
cat__user_cityid_9103.0,0.0
cat__user_cityid_9104.0,0.0
cat__user_cityid_9105.0,0.0
cat__user_cityid_9106.0,0.0
cat__user_cityid_9107.0,0.0
cat__user_cityid_9109.0,0.0
cat__user_cityid_9110.0,0.0
cat__user_cityid_9111.0,0.0
cat__user_cityid_9112.0,0.0
cat__user_cityid_9113.0,0.0
cat__user_cityid_9116.0,0.0
cat__user_cityid_9119.0,0.0
cat__user_cityid_9121.0,0.0
cat__user_cityid_9122.0,0.0
cat__user_cityid_9125.0,0.0
cat__user_cityid_9127.0,0.0
cat__user_cityid_9128.0,0.0
cat__user_cityid_9129.0,0.0
cat__user_cityid_9130.0,0.0
cat__user_cityid_9131.0,0.0
cat__user_cityid_9133.0,0.0
cat__user_cityid_9135.0,0.0
cat__user_cityid_9138.0,0.0
cat__user_cityid_9140.0,0.0
cat__user_cityid_9142.0,0.0
cat__attractionid_369.0,0.0
cat__attractionid_481.0,0.0
cat__attractionid_640.0,0.0
cat__attractionid_650.0,0.0
cat__attractionid_673.0,0.0
cat__attractionid_737.0,0.0
cat__user_regionid_0.0,0.0
cat__attractionid_749.0,0.0
cat__attractionid_824.0,0.0
cat__attractiontypeid_34.0,0.0
cat__attractionid_877.0,0.0
cat__attractionid_888.0,0.0
cat__attractionid_897.0,0.0
cat__attractionid_913.0,0.0
cat__attractionid_920.0,0.0
cat__attractionid_928.0,0.0
cat__attractionid_937.0,0.0
cat__attractionid_947.0,0.0
cat__attractionid_949.0,0.0
cat__attractionid_975.0,0.0
cat__attractionid_1133.0,0.0
cat__attractiontypeid_19.0,0.0
cat__attractionid_1166.0,0.0
cat__attractionid_1171.0,0.0
cat__attractionid_1220.0,0.0
cat__attractionid_1225.0,0.0
cat__attractionid_1238.0,0.0
cat__attractionid_1278.0,0.0
cat__attractionid_1280.0,0.0
num__visitmonth,0.0
cat__attractioncityid_1.0,0.0
cat__attractioncityid_2.0,0.0
num__user_hist_count,0.0
cat__attractiontypeid_2.0,0.0
cat__attractiontypeid_10.0,0.0
cat__visitmode_1.0,0.0
num__visityear,0.0
cat__attraction_regionid_1.0,0.0
cat__visitmode_2.0,0.0
cat__attractiontypeid_45.0,0.0
cat__attractiontypeid_61.0,0.0
cat__visitmode_3.0,0.0
cat__attractiontypeid_64.0,0.0
cat__visitmode_4.0,0.0
cat__visitmode_5.0,0.0
cat__attractiontypeid_82.0,0.0
cat__attractiontypeid_84.0,0.0
cat__attractiontypeid_91.0,0.0
cat__user_continentid_1.0,0.0
cat__attractiontypeid_93.0,0.0
cat__user_continentid_2.0,0.0
cat__user_continentid_3.0,0.0
cat__user_cityid_8026.0,0.0
